date,symbol,open,high,low,close,adjclose,volume
2025-10-06,5803.T,2423.3333,2428.3333,2350.0,2416.6667,2396.0769,54336000
2025-10-07,5803.T,2450.0,2669.1667,2450.0,2548.3333,2526.6216,116530800
2025-10-08,5803.T,2498.3333,2696.6667,2495.0,2660.8333,2638.1633,95051400
2025-10-09,5803.T,2738.3333,2874.1667,2736.6667,2797.5,2773.6655,82489800
2025-10-10,5803.T,2825.8333,2826.6667,2730.0,2760.0,2736.4851,66166200
2025-10-14,5803.T,2731.6667,2790.0,2620.0,2624.1667,2601.8091,77106600
2025-10-15,5803.T,2625.0,2718.3333,2610.8333,2693.3333,2670.3862,42944400
2025-10-16,5803.T,2760.0,2800.0,2720.0,2800.0,2776.1443,42950400
2025-10-17,5803.T,2750.0,2824.1667,2734.1667,2740.8333,2717.4817,58775400
2025-10-20,5803.T,2796.6667,2865.8333,2750.8333,2865.8333,2841.4165,51750000
2025-10-21,5803.T,2915.8333,2929.1667,2756.6667,2779.1667,2755.4885,81551400
2025-10-22,5803.T,2800.0,2841.6667,2671.6667,2822.5,2798.4526,69339600
2025-10-23,5803.T,2760.0,2875.8333,2755.8333,2874.1667,2849.679,63685800
2025-10-24,5803.T,2916.6667,2990.8333,2880.8333,2987.5,2962.0466,69499200
2025-10-27,5803.T,3066.6667,3243.3333,3040.0,3225.8333,3198.3494,94599600
2025-10-28,5803.T,3238.3333,3268.3333,3181.6667,3199.1667,3171.9102,63802800
2025-10-29,5803.T,3295.0,3390.0,3292.5,3351.6667,3323.1108,79837800
2025-10-30,5803.T,3375.0,3499.1667,3348.3333,3467.5,3437.957,107487000
2025-10-31,5803.T,3459.1667,3558.3333,3420.0,3528.3333,3498.2722,86006400
2025-11-04,5803.T,3611.6667,3613.3333,3437.5,3451.6667,3422.2588,78445200
2025-11-05,5803.T,3230.0,3314.1667,3105.8333,3269.1667,3241.3137,98646600
2025-11-06,5803.T,3405.0,3612.5,3372.5,3587.5,3556.9348,93903000
2025-11-07,5803.T,3476.6667,3591.6667,3250.0,3402.5,3373.511,171774600
2025-11-10,5803.T,3481.6667,3549.1667,3379.1667,3418.3333,3389.2092,112076400
2025-11-11,5803.T,3501.6667,3581.6667,3191.6667,3214.1667,3186.7825,123032400
2025-11-12,5803.T,3114.1667,3380.0,3030.0,3345.8333,3317.3269,109725000
2025-11-13,5803.T,3331.6667,3522.5,3308.3333,3450.8333,3421.4324,90940200
2025-11-14,5803.T,3258.3333,3318.3333,3200.0,3230.0,3202.4807,88141800
2025-11-17,5803.T,3230.0,3340.8333,3202.5,3306.6667,3278.4941,62336400
2025-11-18,5803.T,3216.6667,3228.3333,2976.6667,2979.1667,2953.7844,97620600
2025-11-19,5803.T,2966.6667,3125.0,2851.6667,2973.3333,2948.0007,135253200
2025-11-20,5803.T,3306.6667,3308.3333,3034.1667,3148.3333,3121.5098,100230600
2025-11-21,5803.T,2930.0,2953.3333,2837.5,2887.5,2862.8987,82782600
2025-11-25,5803.T,2998.3333,3032.5,2891.6667,2896.6667,2871.9873,60391800
2025-11-26,5803.T,2920.0,3038.3333,2903.3333,3005.8333,2980.2236,64838400
2025-11-27,5803.T,3055.8333,3060.8333,2992.5,3016.6667,2990.9648,47694000
2025-11-28,5803.T,3040.0,3072.5,2973.3333,2991.6667,2966.178,38382000
2025-12-01,5803.T,2969.1667,2970.8333,2700.0,2724.1667,2700.957,87987000
2025-12-02,5803.T,2761.6667,2836.6667,2754.1667,2766.6667,2743.095,63933000
2025-12-03,5803.T,2825.0,2885.8333,2800.0,2838.3333,2814.1509,47457000
2025-12-04,5803.T,2803.3333,2885.0,2801.6667,2825.0,2800.9312,34066200
2025-12-05,5803.T,2850.0,2905.8333,2798.3333,2875.0,2850.5051,39488400
2025-12-08,5803.T,2950.0,3098.3333,2906.6667,3075.8333,3049.6274,68891400
2025-12-09,5803.T,3085.8333,3095.0,2977.5,3078.3333,3052.1062,50341800
2025-12-10,5803.T,3141.6667,3161.6667,3006.6667,3076.6667,3050.4539,48423600
2025-12-11,5803.T,3100.0,3178.3333,3023.3333,3036.6667,3010.7944,60822000
2025-12-12,5803.T,3083.3333,3098.3333,3010.8333,3083.3333,3057.0637,46669200
2025-12-15,5803.T,2916.6667,2996.6667,2880.8333,2948.3333,2923.2136,47135400
2025-12-16,5803.T,2854.1667,2872.5,2725.8333,2750.0,2726.5703,54128400
2025-12-17,5803.T,2750.8333,2776.6667,2655.8333,2754.1667,2730.7014,62266800
2025-12-18,5803.T,2633.3333,2705.0,2622.5,2660.0,2637.3372,53815800
2025-12-19,5803.T,2689.1667,2813.3333,2679.1667,2771.6667,2748.0525,56459400
2025-12-22,5803.T,2887.5,2974.1667,2860.8333,2964.1667,2938.9121,50685000
2025-12-23,5803.T,2966.6667,2980.0,2920.8333,2973.3333,2948.0007,29496600
2025-12-24,5803.T,2973.3333,3038.3333,2963.3333,3011.6667,2986.0076,38307000
2025-12-25,5803.T,2980.8333,3001.6667,2910.0,2936.6667,2911.6465,27222000
2025-12-26,5803.T,2948.3333,2959.1667,2838.3333,2860.0,2835.6331,40194000
2025-12-29,5803.T,2902.5,2993.3333,2886.6667,2967.5,2942.217,46771800
2025-12-30,5803.T,2925.8333,2972.5,2896.6667,2906.6667,2881.9021,41250000
2026-01-05,5803.T,3016.6667,3091.6667,2955.0,3074.1667,3047.9751,47028000
2026-01-06,5803.T,3111.6667,3116.6667,3023.3333,3083.3333,3057.0637,37619400
2026-01-07,5803.T,3078.3333,3111.6667,2998.3333,3040.8333,3014.9258,35679000
2026-01-08,5803.T,3020.0,3071.6667,2930.8333,2930.8333,2905.8628,39559200
2026-01-09,5803.T,2880.0,2895.8333,2775.0,2847.5,2823.2395,48004800
2026-01-13,5803.T,2950.8333,2958.3333,2840.0,2860.8333,2836.4592,45054600
2026-01-14,5803.T,2883.3333,2898.3333,2812.5,2882.5,2857.9414,38852400
2026-01-15,5803.T,2834.1667,2888.3333,2817.5,2883.3333,2858.7676,29047200
2026-01-16,5803.T,2883.3333,2963.3333,2846.6667,2951.6667,2926.5188,36906600
2026-01-19,5803.T,2833.3333,2905.8333,2794.1667,2881.6667,2857.1152,41718000
2026-01-20,5803.T,2849.1667,2854.1667,2773.3333,2813.3333,2789.3638,41403600
2026-01-21,5803.T,2746.6667,3001.6667,2741.6667,2988.3333,2962.8728,58160400
2026-01-22,5803.T,3044.1667,3070.8333,2967.5,3027.5,3001.7058,51573600
2026-01-23,5803.T,3050.8333,3053.3333,2957.5,2984.1667,2958.7417,38798400
2026-01-26,5803.T,2917.5,3061.6667,2916.6667,2993.3333,2967.8303,41225400
2026-01-27,5803.T,2991.6667,3061.6667,2937.5,3061.6667,3035.5818,33706800
2026-01-28,5803.T,3261.6667,3436.6667,3249.1667,3345.0,3316.5007,87822000
2026-01-29,5803.T,3338.3333,3344.1667,3174.1667,3245.0,3217.3528,53349600
2026-01-30,5803.T,3250.0,3350.0,3170.8333,3261.6667,3233.8777,53564400
2026-02-02,5803.T,3328.3333,3517.5,3250.0,3310.0,3281.7991,77544600
2026-02-03,5803.T,3500.0,3678.3333,3457.5,3630.0,3599.0728,68664000
2026-02-04,5803.T,3666.6667,3861.6667,3643.3333,3801.6667,3769.2769,74277600
2026-02-05,5803.T,3750.0,3794.1667,3556.6667,3609.1667,3578.417,54597600
2026-02-06,5803.T,3550.0,3760.8333,3543.3333,3732.5,3700.6995,50444400
2026-02-09,5803.T,3890.0,4099.1665,3525.0,3659.1667,3627.991,158833200
2026-02-10,5803.T,3866.6667,3970.8333,3767.5,3843.3333,3810.5884,104797200
2026-02-12,5803.T,3895.8333,3905.8333,3709.1667,3841.6667,3808.936,65264400
2026-02-13,5803.T,3780.8333,3828.3333,3617.5,3632.5,3601.5515,59426400
2026-02-16,5803.T,3647.5,3690.8333,3551.6667,3574.1667,3543.7153,31216200
2026-02-17,5803.T,3566.6667,3640.0,3485.0,3570.0,3539.584,33411000
2026-02-18,5803.T,3600.0,3733.3333,3552.5,3723.3333,3691.6108,41362800
2026-02-19,5803.T,3783.3333,3860.8333,3764.1667,3825.0,3792.4114,42879600
2026-02-20,5803.T,3826.6667,3860.0,3761.6667,3816.6667,3784.1489,31679400
2026-02-24,5803.T,3900.0,4253.3335,3898.3333,4198.3335,4162.564,86143200
2026-02-25,5803.T,4204.1665,4486.6665,4098.3335,4470.8335,4432.7427,90829800
2026-02-26,5803.T,4554.1665,4850.0,4434.1665,4577.5,4538.5,96706200
2026-02-27,5803.T,4410.8335,4465.8335,4291.6665,4460.8335,4422.8276,66498600
2026-03-02,5803.T,4316.6665,4745.8335,4315.0,4737.5,4697.1367,85656000
2026-03-03,5803.T,4850.0,4968.3335,4505.0,4558.3335,4519.4971,95626800
2026-03-04,5803.T,4418.3335,4550.0,4131.6665,4229.1665,4193.1348,88846800
2026-03-05,5803.T,4479.1665,4619.1665,4304.1665,4386.6665,4349.2925,86735400
2026-03-06,5803.T,4303.3335,4326.6665,4022.5,4183.3335,4147.6914,82907400
2026-03-09,5803.T,3766.6667,3873.3333,3560.0,3769.1667,3737.0537,77989200
2026-03-10,5803.T,4033.3333,4171.6665,3935.8333,4010.8333,3976.6614,55357800
2026-03-11,5803.T,4200.0,4376.6665,4158.3335,4275.0,4238.5776,65273400
2026-03-12,5803.T,4229.1665,4415.0,4147.5,4283.3335,4246.8398,74997600
2026-03-13,5803.T,4116.6665,4538.3335,4106.6665,4420.0,4382.3423,105901200
2026-03-16,5803.T,4450.0,4450.8335,4116.6665,4271.6665,4235.2725,82700400
2026-03-17,5803.T,4346.6665,4350.0,4067.5,4100.8335,4065.8948,56506800
2026-03-18,5803.T,4166.6665,4285.0,4150.8335,4284.1665,4247.666,43075800
2026-03-19,5803.T,4215.0,4338.3335,4194.1665,4221.6665,4185.6987,59898600
2026-03-23,5803.T,4010.8333,4135.8335,3940.0,4055.0,4020.4519,57577200
2026-03-24,5803.T,4203.3335,4323.3335,4125.0,4266.6665,4230.3149,61704600
2026-03-25,5803.T,4483.3335,4610.8335,4469.1665,4579.1665,4540.1523,57943200
2026-03-26,5803.T,4610.8335,4847.5,4609.1665,4685.8335,4645.9106,77554200
2026-03-27,5803.T,4583.3335,4687.5,4416.6665,4605.0,4565.7656,71943600
2026-03-30,5803.T,4445.0,4526.0,4230.0,4505.0,4487.7324,43818400
2026-03-31,5803.T,4250.0,4281.0,4056.0,4090.0,4074.3232,58825600
2026-04-01,5803.T,4370.0,4470.0,4291.0,4446.0,4428.959,48295400
2026-04-02,5803.T,4535.0,4662.0,4238.0,4293.0,4276.5454,56992200
2026-04-03,5803.T,4430.0,4654.0,4420.0,4616.0,4598.3071,51978000
2026-04-06,5803.T,4679.0,4732.0,4560.0,4600.0,4582.3687,46016200
2026-04-07,5803.T,4597.0,4600.0,4320.0,4370.0,4353.25,47494600
2026-04-08,5803.T,4835.0,4888.0,4709.0,4876.0,4857.3105,61297000
2026-04-09,5803.T,4806.0,5073.0,4740.0,5028.0,5008.728,70638500
2026-04-10,5803.T,5176.0,5644.0,5173.0,5630.0,5608.4204,83540900
2026-04-13,5803.T,5914.0,6004.0,5647.0,5698.0,5676.1602,67148400
2026-04-14,5803.T,5947.0,5985.0,5782.0,5935.0,5912.2515,63357200
2026-04-15,5803.T,5960.0,6037.0,5625.0,5683.0,5661.2173,57485900
2026-04-16,5803.T,5600.0,5959.0,5550.0,5951.0,5928.1904,53271700
2026-04-17,5803.T,5903.0,5987.0,5756.0,5762.0,5739.9146,49543600
2026-04-20,5803.T,5692.0,5898.0,5523.0,5529.0,5507.8076,49029200
2026-04-21,5803.T,5577.0,5889.0,5574.0,5889.0,5866.4277,49306000
2026-04-22,5803.T,5833.0,5989.0,5688.0,5985.0,5962.0601,42928800
2026-04-23,5803.T,6119.0,6218.0,5780.0,5893.0,5870.4126,57099000
2026-04-24,5803.T,5987.0,6100.0,5894.0,6037.0,6013.8604,40846300
2026-04-27,5803.T,6037.0,6397.0,5993.0,6347.0,6322.6724,52739100
2026-04-28,5803.T,6231.0,6321.0,6120.0,6281.0,6256.9253,46167300
2026-04-30,5803.T,5981.0,6083.0,5916.0,5971.0,5948.1138,39274600
2026-05-01,5803.T,5983.0,6027.0,5803.0,5808.0,5785.7383,28397000
2026-05-07,5803.T,6300.0,6500.0,6225.0,6498.0,6473.0938,49010500
2026-05-08,5803.T,6428.0,6582.0,6262.0,6582.0,6556.7715,43386200
2026-05-11,5803.T,6780.0,6980.0,6634.0,6832.0,6805.8135,40738700
2026-05-12,5803.T,7250.0,7770.0,7085.0,7624.0,7594.7778,90480800
2026-05-13,5803.T,7324.0,7915.0,7303.0,7855.0,7824.8921,62691200
2026-05-14,5803.T,7662.0,7933.0,6355.0,6355.0,6330.6416,57118100
2026-05-15,5803.T,6418.0,6999.0,5725.0,5819.0,5796.6963,128904500
2026-05-18,5803.T,5842.0,5969.0,5580.0,5653.0,5631.3325,86555100
2026-05-19,5803.T,5600.0,5639.0,4660.0,4695.0,4677.0044,124339100
2026-05-20,5803.T,4275.0,4516.0,4156.0,4295.0,4278.5376,116069900
2026-05-21,5803.T,4550.0,4662.0,4315.0,4501.0,4483.748,98432700
2026-05-22,5803.T,4650.0,5031.0,4558.0,4850.0,4831.4102,105386700
2026-05-25,5803.T,5360.0,5550.0,5151.0,5550.0,5528.7271,60516700
2026-05-26,5803.T,5650.0,5653.0,5068.0,5329.0,5308.5742,93052900
2026-05-27,5803.T,5500.0,5555.0,5035.0,5140.0,5120.2988,71871700
2026-05-28,5803.T,4998.0,5196.0,4803.0,5017.0,4997.77,66629900
2026-05-29,5803.T,5044.0,5047.0,4668.0,4771.0,4752.7129,71394000
2026-06-01,5803.T,4769.0,4895.0,4561.0,4677.0,4659.0732,51636800
2026-06-02,5803.T,4607.0,4666.0,4351.0,4574.0,4556.4683,48742800
2026-06-03,5803.T,4854.0,5163.0,4745.0,5001.0,4981.8315,82340200
2026-06-04,5803.T,4831.0,4866.0,4610.0,4805.0,4786.5825,45052400
2026-06-05,5803.T,4654.0,4825.0,4523.0,4747.0,4728.8052,46983000
2026-06-08,5803.T,4386.0,4525.0,4337.0,4401.0,4384.1313,45195300
2026-06-09,5803.T,4458.0,4557.0,4260.0,4499.0,4481.7559,60698500
2026-06-10,5803.T,4320.0,4412.0,4118.0,4194.0,4177.9248,54543200
2026-06-11,5803.T,4006.0,4162.0,3888.0,4142.0,4126.124,51253400
2026-06-12,5803.T,4352.0,4357.0,4136.0,4256.0,4239.687,45471600
2026-06-15,5803.T,4450.0,4492.0,4301.0,4346.0,4329.3423,37526700
2026-06-16,5803.T,4400.0,4829.0,4308.0,4738.0,4719.8394,68142600
2026-06-17,5803.T,4600.0,4763.0,4562.0,4729.0,4710.874,35504300
2026-06-18,5803.T,4791.0,4910.0,4461.0,4461.0,4443.9014,48865900
2026-06-19,5803.T,5161.0,5161.0,5161.0,5161.0,5141.2183,3131200
2026-06-22,5803.T,6161.0,6161.0,6161.0,6161.0,6137.3853,2675400
2026-06-23,5803.T,7023.0,7068.0,6314.0,6487.0,6462.1357,154230200
2026-06-24,5803.T,6400.0,6568.0,6138.0,6313.0,6288.8027,80829900
2026-06-25,5803.T,6613.0,6649.0,6302.0,6436.0,6411.3311,50848200
2026-06-26,5803.T,6360.0,6579.0,6066.0,6131.0,6107.5005,61307100
2026-06-29,5803.T,6127.0,6166.0,5611.0,5885.0,5862.4434,56572900
2026-06-30,5803.T,6085.0,6320.0,6039.0,6238.0,6214.0903,46151000
2026-07-01,5803.T,6350.0,6431.0,5802.0,5826.0,5803.6694,39659300
2026-07-02,5803.T,5500.0,5555.0,5361.0,5368.0,5347.4248,34213100
2026-07-03,5803.T,5100.0,5379.0,5006.0,5358.0,5337.4629,42677500
2026-07-06,5803.T,5299.0,5452.0,5221.0,5354.0,5333.4785,32123000
2026-07-07,5803.T,5254.0,5370.0,5050.0,5072.0,5052.5596,35968500
2026-07-08,5803.T,4910.0,5106.0,4816.0,4824.0,4805.5098,40311200
2026-07-09,5803.T,4961.0,5209.0,4904.0,4938.0,4919.0728,45092500
2026-07-10,5803.T,5125.0,5437.0,5095.0,5150.0,5130.2603,42643000
2026-07-13,5803.T,5134.0,5380.0,4915.0,5007.0,4987.8086,40749200
2026-07-14,5803.T,4800.0,4820.0,4564.0,4800.0,4781.6021,44664300
2026-07-15,5803.T,4948.0,5149.0,4834.0,5145.0,5125.2798,32782500
2026-07-16,5803.T,5000.0,5004.0,4738.0,4761.0,4742.7515,36029500
2026-07-17,5803.T,4561.0,4611.0,4280.0,4472.0,4454.8589,47075400
2026-07-21,5803.T,4542.0,4707.0,4472.0,4672.0,4654.0923,29986600
2026-07-22,5803.T,4954.0,5026.0,4741.0,4751.0,4732.7896,38205300
2026-07-23,5803.T,4888.0,4935.0,4652.0,4727.0,4708.8818,31624200
2026-07-24,5803.T,4659.0,4740.0,4511.0,4593.0,4575.3955,28103100
2026-07-27,5803.T,4532.0,4565.0,4233.0,4325.0,4308.4224,41066100
2026-07-28,5803.T,4199.0,4216.0,4013.0,4073.0,4057.3884,39640100
2026-07-29,5803.T,4003.0,4129.0,3665.0,3760.0,3745.5881,53924500
2026-07-30,5803.T,3750.0,3927.0,3690.0,3720.0,3705.7415,48318100
2026-07-31,5803.T,4210.0,4339.0,4130.0,4172.0,4156.0088,73627300
2026-08-03,5803.T,4079.0,4325.0,4008.0,4290.0,4273.5566,38401200
2026-08-04,5803.T,4324.0,4657.0,4268.0,4628.0,4610.2612,54429600
2026-08-05,5803.T,4830.0,5110.0,4799.0,5073.0,5053.5557,48207800
2026-08-06,5803.T,4833.0,4917.0,4566.0,4596.0,4578.3838,57561600
2026-08-07,5803.T,4650.0,5280.0,4380.0,5185.0,5165.1265,128679300
2026-08-10,5803.T,5210.0,5730.0,5122.0,5580.0,5558.6123,118555300
2026-08-12,5803.T,5386.0,5800.0,5306.0,5800.0,5777.769,72558500
2026-08-13,5803.T,5895.0,5990.0,5725.0,5760.0,5737.9224,69216100
2026-08-14,5803.T,5780.0,5868.0,5632.0,5665.0,5643.2866,55238000
2026-08-17,5803.T,5750.0,6078.0,5720.0,6078.0,6054.7036,66184600
2026-08-18,5803.T,6100.0,6433.0,5872.0,5902.0,5879.3779,75702500
2026-08-19,5803.T,5502.0,5627.0,5292.0,5328.0,5307.5781,71416300
2026-08-20,5803.T,5347.0,5478.0,5201.0,5341.0,5320.5283,54776700
2026-08-21,5803.T,5200.0,5422.0,5144.0,5280.0,5259.7622,62417600
2026-08-24,5803.T,5276.0,5325.0,4973.0,5016.0,4996.7739,52002000
2026-08-25,5803.T,4995.0,5357.0,4968.0,5292.0,5271.7163,70850700
2026-08-26,5803.T,5210.0,5353.0,5110.0,5305.0,5284.6665,54363100
2026-08-27,5803.T,5470.0,5558.0,5310.0,5500.0,5478.9189,54885600
2026-08-28,5803.T,5401.0,5485.0,5301.0,5340.0,5319.5322,39786600
2026-08-31,5803.T,5240.0,5525.0,5123.0,5504.0,5482.9033,47992900
2026-09-01,5803.T,5420.0,5474.0,5240.0,5298.0,5277.6929,42428100
2026-09-02,5803.T,5198.0,5239.0,5048.0,5090.0,5070.4902,40332200
2026-09-03,5803.T,5151.0,5154.0,4897.0,4951.0,4932.0229,37758400
2026-09-04,5803.T,5000.0,5112.0,4955.0,5053.0,5033.6323,34565900
2026-09-07,5803.T,5300.0,5362.0,5175.0,5241.0,5220.9116,30727300
2026-09-08,5803.T,5185.0,5387.0,5083.0,5083.0,5063.5171,34477000
2026-09-09,5803.T,5350.0,5589.0,5340.0,5493.0,5471.9458,50372600
2026-09-10,5803.T,5393.0,5394.0,5125.0,5209.0,5189.0342,35034000
2026-09-11,5803.T,4970.0,5074.0,4942.0,4982.0,4962.9043,38396400
2026-09-14,5803.T,4702.0,4874.0,4675.0,4834.0,4815.4717,35382300
2026-09-15,5803.T,4700.0,4838.0,4665.0,4744.0,4725.8164,31474800
2026-09-16,5803.T,4750.0,4867.0,4712.0,4839.0,4820.4526,26196900
2026-09-17,5803.T,4979.0,4979.0,4839.0,4867.0,4848.3452,30234600
2026-09-18,5803.T,4989.0,5027.0,4848.0,4952.0,4933.0195,37410000
2026-09-24,5803.T,5022.0,5094.0,4898.0,4911.0,4892.1763,34159800
2026-09-25,5803.T,4920.0,5019.0,4852.0,4986.0,4966.8892,26991600
2026-09-28,5803.T,4983.0,5075.0,4918.0,4957.0,4938.0,26464800
2026-09-29,5803.T,4939.0,5005.0,4843.0,4931.0,4931.0,24796700
2026-09-30,5803.T,5099.0,5252.0,5068.0,5224.0,5224.0,38875400
2026-10-01,5803.T,5258.0,5385.0,5110.0,5368.0,5368.0,36851000
2026-10-02,5803.T,5450.0,5707.0,5342.0,5598.0,5598.0,54641800
2025-10-06,6834.T,1970.0,1970.0,1906.0,1926.0,1916.2072,551000
2025-10-07,6834.T,1950.0,2020.0,1920.0,1932.0,1922.1766,1162500
2025-10-08,6834.T,1934.0,1986.0,1884.0,1974.0,1963.9631,481000
2025-10-09,6834.T,2024.0,2048.0,1990.0,2034.0,2023.6581,617500
2025-10-10,6834.T,2020.0,2050.0,1984.0,2014.0,2003.7598,638500
2025-10-14,6834.T,1986.0,2026.0,1886.0,1892.0,1882.38,890000
2025-10-15,6834.T,1880.0,1898.0,1848.0,1868.0,1858.5021,669500
2025-10-16,6834.T,1916.0,1932.0,1842.0,1882.0,1872.4309,443000
2025-10-17,6834.T,1840.0,1862.0,1788.0,1796.0,1786.8682,564000
2025-10-20,6834.T,1794.0,1802.0,1732.0,1762.0,1753.041,694500
2025-10-21,6834.T,1774.0,1774.0,1688.0,1716.0,1707.2749,696500
2025-10-22,6834.T,1716.0,1720.0,1672.0,1696.0,1687.3766,423500
2025-10-23,6834.T,1666.0,1730.0,1646.0,1706.0,1697.3258,522500
2025-10-24,6834.T,1728.0,1814.0,1710.0,1800.0,1790.8479,647000
2025-10-27,6834.T,1818.0,1900.0,1796.0,1892.0,1882.38,783500
2025-10-28,6834.T,1900.0,1984.0,1858.0,1940.0,1930.136,999500
2025-10-29,6834.T,1986.0,1996.0,1858.0,1880.0,1870.4412,671500
2025-10-30,6834.T,1854.0,1916.0,1824.0,1872.0,1862.4818,429500
2025-10-31,6834.T,1868.0,1944.0,1858.0,1920.0,1910.2377,435000
2025-11-04,6834.T,1978.0,2000.0,1934.0,1960.0,1950.0343,637000
2025-11-05,6834.T,1900.0,1942.0,1808.0,1942.0,1932.1259,923000
2025-11-06,6834.T,1980.0,2198.0,1966.0,2198.0,2186.8242,1358000
2025-11-07,6834.T,2078.0,2112.0,2000.0,2038.0,2027.6378,1181000
2025-11-10,6834.T,2008.0,2090.0,1954.0,2018.0,2007.7394,851000
2025-11-11,6834.T,2078.0,2098.0,2024.0,2026.0,2015.6987,676000
2025-11-12,6834.T,2026.0,2160.0,1998.0,2160.0,2149.0176,728000
2025-11-13,6834.T,2164.0,2254.0,2130.0,2224.0,2212.6919,1243500
2025-11-14,6834.T,2700.0,2802.0,2582.0,2724.0,2710.1497,3935500
2025-11-17,6834.T,2724.0,2800.0,2604.0,2736.0,2722.0889,1752500
2025-11-18,6834.T,2680.0,2740.0,2520.0,2532.0,2519.126,1140000
2025-11-19,6834.T,2472.0,2500.0,2294.0,2422.0,2409.6851,1751500
2025-11-20,6834.T,2620.0,2682.0,2562.0,2610.0,2596.7292,1008000
2025-11-21,6834.T,2440.0,2538.0,2340.0,2378.0,2365.9089,914500
2025-11-25,6834.T,2492.0,2492.0,2334.0,2380.0,2367.8987,760000
2025-11-26,6834.T,2390.0,2494.0,2354.0,2416.0,2403.7158,575000
2025-11-27,6834.T,2490.0,2644.0,2446.0,2610.0,2596.7292,850500
2025-11-28,6834.T,2718.0,2860.0,2660.0,2844.0,2829.5396,1231000
2025-12-01,6834.T,2838.0,3000.0,2708.0,2960.0,2944.9497,1331500
2025-12-02,6834.T,2900.0,2980.0,2726.0,2730.0,2716.1194,1246500
2025-12-03,6834.T,2790.0,2890.0,2760.0,2840.0,2825.5601,813500
2025-12-04,6834.T,2806.0,2940.0,2690.0,2722.0,2708.1599,918500
2025-12-05,6834.T,2700.0,2826.0,2674.0,2790.0,2775.8142,746500
2025-12-08,6834.T,2850.0,2890.0,2764.0,2806.0,2791.7327,617500
2025-12-09,6834.T,2760.0,2792.0,2692.0,2704.0,2690.2512,524500
2025-12-10,6834.T,2684.0,2730.0,2646.0,2704.0,2690.2512,476000
2025-12-11,6834.T,2742.0,2760.0,2604.0,2606.0,2592.7498,553000
2025-12-12,6834.T,2622.0,2678.0,2584.0,2670.0,2656.4243,419500
2025-12-15,6834.T,2508.0,2620.0,2468.0,2578.0,2564.8921,592000
2025-12-16,6834.T,2550.0,2550.0,2412.0,2440.0,2427.5938,764500
2025-12-17,6834.T,2434.0,2526.0,2340.0,2488.0,2475.3499,705000
2025-12-18,6834.T,2346.0,2452.0,2346.0,2370.0,2357.9497,395500
2025-12-19,6834.T,2430.0,2430.0,2324.0,2366.0,2353.9702,465500
2025-12-22,6834.T,2450.0,2494.0,2408.0,2432.0,2419.6345,802000
2025-12-23,6834.T,2440.0,2444.0,2382.0,2420.0,2407.6956,359000
2025-12-24,6834.T,2440.0,2494.0,2406.0,2426.0,2413.665,474000
2025-12-25,6834.T,2410.0,2440.0,2332.0,2350.0,2338.0513,493000
2025-12-26,6834.T,2332.0,2356.0,2294.0,2310.0,2298.2549,379000
2025-12-29,6834.T,2316.0,2368.0,2312.0,2312.0,2300.2444,262000
2025-12-30,6834.T,2314.0,2372.0,2306.0,2314.0,2302.2344,283500
2026-01-05,6834.T,2360.0,2400.0,2324.0,2376.0,2363.9192,416000
2026-01-06,6834.T,2460.0,2460.0,2360.0,2394.0,2381.8274,471500
2026-01-07,6834.T,2386.0,2414.0,2316.0,2348.0,2336.0615,426500
2026-01-08,6834.T,2320.0,2350.0,2256.0,2264.0,2252.4885,560000
2026-01-09,6834.T,2256.0,2332.0,2206.0,2320.0,2308.2039,445500
2026-01-13,6834.T,2360.0,2360.0,2268.0,2300.0,2288.3054,433500
2026-01-14,6834.T,2304.0,2346.0,2256.0,2294.0,2282.3362,430000
2026-01-15,6834.T,2294.0,2384.0,2284.0,2376.0,2363.9192,295500
2026-01-16,6834.T,2396.0,2448.0,2348.0,2448.0,2435.5532,662500
2026-01-19,6834.T,2360.0,2364.0,2266.0,2312.0,2300.2444,778500
2026-01-20,6834.T,2312.0,2312.0,2210.0,2226.0,2214.6819,500000
2026-01-21,6834.T,2142.0,2282.0,2140.0,2280.0,2268.4072,662500
2026-01-22,6834.T,2308.0,2448.0,2288.0,2430.0,2417.6445,688500
2026-01-23,6834.T,2420.0,2526.0,2352.0,2468.0,2455.4514,667000
2026-01-26,6834.T,2408.0,2424.0,2326.0,2380.0,2367.8987,836500
2026-01-27,6834.T,2382.0,2470.0,2374.0,2436.0,2423.614,427000
2026-01-28,6834.T,2546.0,2710.0,2500.0,2622.0,2608.6682,1318500
2026-01-29,6834.T,2654.0,2688.0,2518.0,2582.0,2568.8718,608500
2026-01-30,6834.T,2670.0,2716.0,2564.0,2632.0,2618.6174,762500
2026-02-02,6834.T,2740.0,2850.0,2660.0,2666.0,2652.4446,1425500
2026-02-03,6834.T,2836.0,2960.0,2786.0,2928.0,2913.1125,1788000
2026-02-04,6834.T,2960.0,3136.0,2924.0,3090.0,3074.2888,1379500
2026-02-05,6834.T,3050.0,3078.0,2908.0,2984.0,2968.8279,735500
2026-02-06,6834.T,2972.0,3050.0,2884.0,3032.0,3016.5837,805000
2026-02-09,6834.T,3192.0,3322.0,3126.0,3218.0,3201.6379,1252000
2026-02-10,6834.T,3336.0,3448.0,3336.0,3406.0,3388.6821,969500
2026-02-12,6834.T,3482.0,3952.0,3462.0,3788.0,3768.7397,2022000
2026-02-13,6834.T,3712.0,3898.0,3652.0,3802.0,3782.6685,1669000
2026-02-16,6834.T,4542.0,4600.0,4360.0,4546.0,4522.8857,2196000
2026-02-17,6834.T,4446.0,4488.0,4200.0,4314.0,4292.0654,1485000
2026-02-18,6834.T,4390.0,4700.0,4256.0,4654.0,4630.3364,1519000
2026-02-19,6834.T,4746.0,5030.0,4644.0,4888.0,4863.1465,1458500
2026-02-20,6834.T,4888.0,5034.0,4698.0,4704.0,4680.0825,1414000
2026-02-24,6834.T,4956.0,5016.0,4632.0,4940.0,4914.8823,1602000
2026-02-25,6834.T,5102.0,5140.0,4860.0,4890.0,4865.1367,1475500
2026-02-26,6834.T,4990.0,4990.0,4640.0,4734.0,4709.9297,1373000
2026-02-27,6834.T,4376.0,4582.0,4130.0,4328.0,4305.9941,2372000
2026-03-02,6834.T,4182.0,4842.0,4182.0,4782.0,4757.686,1761500
2026-03-03,6834.T,5282.0,5778.0,5086.0,5490.0,5462.0859,8635000
2026-03-04,6834.T,5390.0,5730.0,4902.0,5114.0,5087.998,4205000
2026-03-05,6834.T,5514.0,6100.0,5460.0,5668.0,5639.1807,5988000
2026-03-06,6834.T,5468.0,5760.0,5276.0,5746.0,5716.7842,3364500
2026-03-09,6834.T,5246.0,5380.0,4746.0,4784.0,4759.6758,2718500
2026-03-10,6834.T,5284.0,5468.0,5028.0,5172.0,5145.7026,2340500
2026-03-11,6834.T,5390.0,5728.0,5348.0,5562.0,5533.7197,2249000
2026-03-12,6834.T,5496.0,5668.0,5300.0,5430.0,5402.3911,1710500
2026-03-13,6834.T,5230.0,5594.0,5190.0,5474.0,5446.1675,1887000
2026-03-16,6834.T,5560.0,5658.0,5402.0,5564.0,5535.7095,1632500
2026-03-17,6834.T,5764.0,5810.0,4882.0,5000.0,4974.5771,2221000
2026-03-18,6834.T,5100.0,5430.0,5000.0,5422.0,5394.4316,1560500
2026-03-19,6834.T,5322.0,5586.0,5082.0,5236.0,5209.3774,2947000
2026-03-23,6834.T,5052.0,5070.0,4694.0,4698.0,4674.1128,1980000
2026-03-24,6834.T,4930.0,4930.0,4330.0,4472.0,4449.2617,2849500
2026-03-25,6834.T,4814.0,4940.0,4768.0,4940.0,4914.8823,1974500
2026-03-26,6834.T,4880.0,4990.0,4708.0,4776.0,4751.7163,1058500
2026-03-27,6834.T,4676.0,4736.0,4474.0,4602.0,4578.6011,1088500
2026-03-30,6834.T,4390.0,4432.0,4162.0,4378.0,4367.1274,1307500
2026-03-31,6834.T,4044.0,4376.0,4022.0,4152.0,4141.689,1563500
2026-04-01,6834.T,4530.0,4548.0,4268.0,4540.0,4528.7251,1326500
2026-04-02,6834.T,4640.0,4738.0,4454.0,4606.0,4594.5615,2285000
2026-04-03,6834.T,4764.0,4916.0,4754.0,4836.0,4823.9902,1456500
2026-04-06,6834.T,4934.0,5256.0,4916.0,5106.0,5093.3198,1542500
2026-04-07,6834.T,5034.0,5050.0,4740.0,4872.0,4859.9009,1336500
2026-04-08,6834.T,5272.0,5454.0,5178.0,5410.0,5396.5645,1639500
2026-04-09,6834.T,5338.0,5516.0,5240.0,5382.0,5368.6343,1098500
2026-04-10,6834.T,5536.0,5876.0,5306.0,5874.0,5859.4121,2127000
2026-04-13,6834.T,5876.0,6170.0,5812.0,5980.0,5965.1489,1775500
2026-04-14,6834.T,6100.0,6190.0,5938.0,6110.0,6094.8262,1504500
2026-04-15,6834.T,6260.0,6440.0,5944.0,5978.0,5963.1543,1609500
2026-04-16,6834.T,6150.0,6420.0,5924.0,6010.0,5995.0747,954000
2026-04-17,6834.T,6090.0,6320.0,5930.0,6110.0,6094.8262,1158000
2026-04-20,6834.T,6030.0,6590.0,5964.0,6290.0,6274.3794,1697000
2026-04-21,6834.T,6520.0,6670.0,6450.0,6520.0,6503.8081,1310500
2026-04-22,6834.T,6440.0,6750.0,6320.0,6720.0,6703.3115,1321000
2026-04-23,6834.T,6810.0,6840.0,6280.0,6360.0,6344.2056,1922500
2026-04-24,6834.T,6270.0,6430.0,6070.0,6120.0,6104.8013,1040500
2026-04-27,6834.T,6130.0,6240.0,5800.0,6060.0,6044.9502,1037500
2026-04-28,6834.T,5990.0,6050.0,5740.0,5882.0,5867.3926,1275500
2026-04-30,6834.T,5820.0,5920.0,5700.0,5790.0,5775.6211,950500
2026-05-01,6834.T,5792.0,5976.0,5730.0,5790.0,5775.6211,738500
2026-05-07,6834.T,6060.0,6430.0,5930.0,6430.0,6414.0317,1279000
2026-05-08,6834.T,6250.0,6520.0,6180.0,6470.0,6453.9321,944500
2026-05-11,6834.T,6590.0,6590.0,6120.0,6210.0,6194.5781,910500
2026-05-12,6834.T,6560.0,6900.0,6490.0,6700.0,6683.3608,1782500
2026-05-13,6834.T,6280.0,7210.0,6150.0,7080.0,7062.4175,2061000
2026-05-14,6834.T,7220.0,7630.0,6790.0,6830.0,6813.0381,2298500
2026-05-15,6834.T,6690.0,6790.0,5536.0,5638.0,5623.9985,4097000
2026-05-18,6834.T,5804.0,5804.0,5310.0,5776.0,5761.6558,2303500
2026-05-19,6834.T,5720.0,5748.0,5094.0,5208.0,5195.0664,2143500
2026-05-20,6834.T,5166.0,5292.0,4958.0,5124.0,5111.2749,1625500
2026-05-21,6834.T,5260.0,5296.0,4800.0,5038.0,5025.4883,2390500
2026-05-22,6834.T,5338.0,5788.0,5338.0,5750.0,5735.7202,1955000
2026-05-25,6834.T,5998.0,6220.0,5820.0,5974.0,5959.1641,1475500
2026-05-26,6834.T,6010.0,6080.0,5502.0,5770.0,5755.6704,1429500
2026-05-27,6834.T,5816.0,5846.0,5450.0,5500.0,5486.3413,1138500
2026-05-28,6834.T,5400.0,5600.0,5198.0,5392.0,5378.6094,896500
2026-05-29,6834.T,5316.0,5592.0,5174.0,5392.0,5378.6094,1881000
2026-06-01,6834.T,5300.0,5504.0,5214.0,5480.0,5466.3906,787000
2026-06-02,6834.T,5402.0,5468.0,4944.0,5184.0,5171.126,1463500
2026-06-03,6834.T,5784.0,5988.0,5566.0,5716.0,5701.8047,1965000
2026-06-04,6834.T,5516.0,5848.0,5446.0,5830.0,5815.5215,1030500
2026-06-05,6834.T,5580.0,5806.0,5460.0,5712.0,5697.8145,846500
2026-06-08,6834.T,5012.0,5410.0,4950.0,5258.0,5244.9419,1705500
2026-06-09,6834.T,5358.0,5854.0,5120.0,5736.0,5721.7549,1581500
2026-06-10,6834.T,5436.0,5474.0,4940.0,4986.0,4973.6177,1546000
2026-06-11,6834.T,4800.0,5040.0,4640.0,4846.0,4833.9653,855000
2026-06-12,6834.T,5136.0,5246.0,4692.0,4844.0,4831.9702,1231000
2026-06-15,6834.T,5244.0,5280.0,5058.0,5188.0,5175.1162,1061000
2026-06-16,6834.T,5288.0,5690.0,5178.0,5514.0,5500.3062,1090000
2026-06-17,6834.T,5314.0,5836.0,5302.0,5706.0,5691.8296,831500
2026-06-18,6834.T,5660.0,5716.0,5214.0,5214.0,5201.0513,1163500
2026-06-19,6834.T,5814.0,6190.0,5784.0,6150.0,6134.7271,3039500
2026-06-22,6834.T,6410.0,6680.0,6250.0,6390.0,6374.1309,1965500
2026-06-23,6834.T,6390.0,6710.0,5980.0,5980.0,5965.1489,1749000
2026-06-24,6834.T,6190.0,6400.0,5800.0,5922.0,5907.293,1033500
2026-06-25,6834.T,6300.0,6320.0,5922.0,6220.0,6204.5532,1121000
2026-06-26,6834.T,6100.0,6260.0,5920.0,6220.0,6204.5532,1026500
2026-06-29,6834.T,6270.0,6320.0,5662.0,5894.0,5879.3628,1157000
2026-06-30,6834.T,6100.0,6440.0,6060.0,6160.0,6144.7021,1197000
2026-07-01,6834.T,6280.0,6330.0,5688.0,5778.0,5763.6509,1326500
2026-07-02,6834.T,5478.0,5478.0,5130.0,5256.0,5242.9473,1086500
2026-07-03,6834.T,5100.0,5310.0,4960.0,5308.0,5294.8179,884000
2026-07-06,6834.T,5252.0,5252.0,4824.0,4948.0,4935.7119,920500
2026-07-07,6834.T,4934.0,5000.0,4512.0,4670.0,4658.4023,1160500
2026-07-08,6834.T,4474.0,4684.0,4456.0,4552.0,4540.6953,717500
2026-07-09,6834.T,4690.0,4780.0,4532.0,4542.0,4530.7202,550000
2026-07-10,6834.T,4842.0,4852.0,4652.0,4662.0,4650.4224,672000
2026-07-13,6834.T,4562.0,4730.0,4308.0,4410.0,4399.0479,763500
2026-07-14,6834.T,4338.0,4388.0,4130.0,4340.0,4329.2222,950000
2026-07-15,6834.T,4470.0,4470.0,4306.0,4436.0,4424.9834,548500
2026-07-16,6834.T,4280.0,4280.0,4040.0,4058.0,4047.9224,719000
2026-07-17,6834.T,3836.0,3852.0,3566.0,3786.0,3776.5977,1418000
2026-07-21,6834.T,3866.0,4014.0,3756.0,3998.0,3988.0713,831000
2026-07-22,6834.T,4230.0,4454.0,4184.0,4250.0,4239.4453,1160000
2026-07-23,6834.T,4220.0,4262.0,4074.0,4108.0,4097.7979,619500
2026-07-24,6834.T,4008.0,4140.0,3962.0,4108.0,4097.7979,477500
2026-07-27,6834.T,4100.0,4178.0,3862.0,4024.0,4014.0066,500000
2026-07-28,6834.T,3876.0,3876.0,3618.0,3652.0,3642.9304,591500
2026-07-29,6834.T,3646.0,3688.0,3132.0,3218.0,3210.0083,1165500
2026-07-30,6834.T,3216.0,3426.0,3138.0,3240.0,3231.9536,672500
2026-07-31,6834.T,3800.0,3848.0,3560.0,3754.0,3744.6772,1359500
2026-08-03,6834.T,3594.0,3858.0,3534.0,3780.0,3770.6125,506500
2026-08-04,6834.T,3860.0,4232.0,3852.0,4230.0,4219.4951,790500
2026-08-05,6834.T,4630.0,4900.0,4420.0,4826.0,4814.0151,1495000
2026-08-06,6834.T,4700.0,4762.0,4386.0,4460.0,4448.9238,1042500
2026-08-07,6834.T,4430.0,4480.0,4084.0,4354.0,4343.187,803500
2026-08-10,6834.T,4444.0,4584.0,4214.0,4214.0,4203.5347,1616000
2026-08-12,6834.T,4594.0,4740.0,4296.0,4740.0,4728.2285,3860500
2026-08-13,6834.T,4840.0,5198.0,4782.0,4956.0,4943.6919,2716500
2026-08-14,6834.T,4996.0,5110.0,4762.0,4920.0,4907.7817,1328500
2026-08-17,6834.T,5038.0,5520.0,5012.0,5520.0,5506.2915,1694000
2026-08-18,6834.T,5420.0,5650.0,5114.0,5184.0,5171.126,1554500
2026-08-19,6834.T,4884.0,5166.0,4716.0,4774.0,4762.144,1592500
2026-08-20,6834.T,4812.0,5104.0,4710.0,4968.0,4955.6621,1165500
2026-08-21,6834.T,4846.0,5068.0,4760.0,4960.0,4947.6821,948500
2026-08-24,6834.T,4960.0,5142.0,4782.0,4950.0,4937.707,880500
2026-08-25,6834.T,4904.0,5408.0,4904.0,5368.0,5354.6689,1190500
2026-08-26,6834.T,5180.0,5230.0,4936.0,5066.0,5053.4189,1562500
2026-08-27,6834.T,5296.0,5648.0,5136.0,5520.0,5506.2915,2146000
2026-08-28,6834.T,5400.0,5620.0,5180.0,5200.0,5187.0859,726900
2026-08-31,6834.T,4915.0,5810.0,4890.0,5810.0,5795.5713,1314200
2026-09-01,6834.T,5620.0,6030.0,5550.0,5630.0,5616.0181,1177400
2026-09-02,6834.T,5500.0,5530.0,5000.0,5040.0,5027.4834,1386400
2026-09-03,6834.T,5140.0,5150.0,4590.0,4630.0,4618.502,1349700
2026-09-04,6834.T,4655.0,5230.0,4655.0,5170.0,5157.1606,1231100
2026-09-07,6834.T,5250.0,5510.0,5210.0,5500.0,5486.3413,874700
2026-09-08,6834.T,5440.0,5520.0,5090.0,5100.0,5087.3345,639000
2026-09-09,6834.T,5300.0,5720.0,5300.0,5470.0,5456.4155,1032300
2026-09-10,6834.T,5370.0,5520.0,5230.0,5440.0,5426.4902,494100
2026-09-11,6834.T,5140.0,5220.0,5050.0,5090.0,5077.3594,752600
2026-09-14,6834.T,4800.0,4875.0,4670.0,4870.0,4857.9058,816800
2026-09-15,6834.T,4680.0,5020.0,4675.0,4915.0,4902.7939,815500
2026-09-16,6834.T,4925.0,5010.0,4830.0,5010.0,4997.5581,406200
2026-09-17,6834.T,5210.0,5330.0,5100.0,5140.0,5127.2354,635600
2026-09-18,6834.T,5280.0,5850.0,5260.0,5850.0,5835.4722,1359100
2026-09-24,6834.T,5810.0,6100.0,5790.0,6040.0,6025.0,1102100
2026-09-25,6834.T,6000.0,6110.0,5930.0,6090.0,6074.876,515500
2026-09-28,6834.T,6150.0,6220.0,6030.0,6040.0,6025.0,499900
2026-09-29,6834.T,6070.0,6230.0,6000.0,6180.0,6180.0,538300
2026-09-30,6834.T,6320.0,6390.0,6080.0,6150.0,6150.0,633500
2026-10-01,6834.T,6200.0,6440.0,6120.0,6420.0,6420.0,600500
2026-10-02,6834.T,6460.0,6870.0,6440.0,6850.0,6850.0,1134100
2025-10-06,5802.T,1095.75,1099.5,1069.25,1089.75,1068.4867,16417200
2025-10-07,5802.T,1099.5,1161.5,1099.25,1116.25,1094.4696,23250400
2025-10-08,5802.T,1116.5,1140.75,1110.5,1133.25,1111.1379,15270400
2025-10-09,5802.T,1150.75,1167.75,1144.5,1157.5,1134.9147,15008000
2025-10-10,5802.T,1140.0,1151.0,1131.5,1133.75,1111.6282,16655200
2025-10-14,5802.T,1116.25,1126.25,1079.25,1082.25,1061.1331,17071200
2025-10-15,5802.T,1080.75,1114.25,1078.75,1109.25,1087.6063,10626000
2025-10-16,5802.T,1125.0,1141.75,1115.5,1136.0,1113.8344,13339200
2025-10-17,5802.T,1106.25,1124.0,1102.25,1114.5,1092.7538,12633600
2025-10-20,5802.T,1123.75,1144.25,1108.5,1144.25,1121.9233,11927600
2025-10-21,5802.T,1145.5,1153.0,1125.75,1133.5,1111.3831,11675200
2025-10-22,5802.T,1131.75,1132.25,1102.75,1123.5,1101.5781,17123200
2025-10-23,5802.T,1107.5,1134.25,1101.0,1132.5,1110.4026,11481600
2025-10-24,5802.T,1144.75,1154.75,1132.5,1152.5,1130.0123,11758400
2025-10-27,5802.T,1187.5,1195.0,1168.0,1192.5,1169.2318,14968400
2025-10-28,5802.T,1205.5,1223.75,1187.25,1189.5,1166.2903,19127600
2025-10-29,5802.T,1212.5,1256.75,1205.0,1248.5,1224.1392,25439600
2025-10-30,5802.T,1248.5,1344.75,1247.25,1324.75,1298.9014,46188800
2025-10-31,5802.T,1330.0,1486.0,1263.25,1412.5,1384.9391,62677600
2025-11-04,5802.T,1587.5,1657.25,1509.0,1515.5,1485.9294,95378000
2025-11-05,5802.T,1490.5,1507.75,1406.75,1475.5,1446.71,48964800
2025-11-06,5802.T,1525.0,1562.5,1493.75,1551.75,1521.4722,37208400
2025-11-07,5802.T,1505.0,1518.25,1440.0,1463.75,1435.1892,34155200
2025-11-10,5802.T,1456.25,1523.0,1441.5,1507.5,1478.0856,30535600
2025-11-11,5802.T,1532.5,1557.0,1456.75,1465.0,1436.4148,28964800
2025-11-12,5802.T,1465.0,1488.75,1440.0,1488.75,1459.7014,18389600
2025-11-13,5802.T,1531.75,1645.0,1523.75,1593.75,1562.6527,45365200
2025-11-14,5802.T,1518.75,1578.75,1503.0,1574.25,1543.5331,34966800
2025-11-17,5802.T,1575.0,1636.0,1562.0,1633.25,1601.382,26236800
2025-11-18,5802.T,1550.75,1557.75,1485.25,1485.25,1456.2697,38854000
2025-11-19,5802.T,1495.0,1527.0,1453.25,1485.5,1456.5148,28568000
2025-11-20,5802.T,1580.0,1615.0,1571.5,1597.0,1565.8391,35096000
2025-11-21,5802.T,1472.0,1492.5,1417.0,1424.5,1396.7051,60262400
2025-11-25,5802.T,1474.5,1546.0,1467.75,1515.5,1485.9294,36458000
2025-11-26,5802.T,1487.75,1548.75,1479.75,1512.75,1483.2332,21529200
2025-11-27,5802.T,1537.75,1553.5,1518.5,1522.25,1492.5477,14667600
2025-11-28,5802.T,1547.25,1565.5,1522.75,1535.25,1505.2941,17960800
2025-12-01,5802.T,1545.75,1597.5,1509.5,1582.5,1551.6222,36069600
2025-12-02,5802.T,1600.0,1671.5,1599.0,1641.25,1609.2258,46326800
2025-12-03,5802.T,1658.5,1752.0,1647.5,1709.75,1676.3893,55638800
2025-12-04,5802.T,1684.75,1689.25,1648.0,1680.0,1647.2197,32836400
2025-12-05,5802.T,1643.0,1678.25,1615.5,1668.75,1636.1892,31524000
2025-12-08,5802.T,1675.0,1737.75,1672.5,1735.25,1701.3917,27026000
2025-12-09,5802.T,1753.25,1797.25,1736.5,1777.25,1742.5721,32630000
2025-12-10,5802.T,1787.75,1803.75,1703.75,1734.0,1700.166,44185200
2025-12-11,5802.T,1742.25,1747.25,1663.0,1667.75,1635.2087,28527600
2025-12-12,5802.T,1668.0,1690.25,1656.0,1664.75,1632.2673,24653600
2025-12-15,5802.T,1625.0,1663.5,1620.0,1658.0,1625.6489,21615200
2025-12-16,5802.T,1587.5,1613.75,1542.5,1560.5,1530.0514,34000400
2025-12-17,5802.T,1577.75,1606.0,1533.0,1580.25,1549.416,27073600
2025-12-18,5802.T,1525.0,1558.5,1508.25,1520.0,1490.3416,18126400
2025-12-19,5802.T,1547.0,1593.5,1543.0,1575.75,1545.0038,24416000
2025-12-22,5802.T,1636.25,1691.0,1627.25,1690.25,1657.2697,27636400
2025-12-23,5802.T,1665.25,1667.75,1635.75,1652.0,1619.7661,17914400
2025-12-24,5802.T,1637.75,1645.25,1620.5,1625.5,1593.7831,17156400
2025-12-25,5802.T,1627.5,1640.75,1609.25,1635.0,1603.0977,10259200
2025-12-26,5802.T,1643.5,1643.5,1554.5,1563.75,1533.238,24104400
2025-12-29,5802.T,1581.5,1624.75,1575.0,1584.0,1553.0929,20528000
2025-12-30,5802.T,1581.0,1608.25,1556.25,1581.25,1550.3965,15421200
2026-01-05,5802.T,1631.25,1696.25,1613.0,1677.5,1644.7686,27918000
2026-01-06,5802.T,1660.75,1662.75,1598.5,1631.75,1599.9111,39136000
2026-01-07,5802.T,1635.5,1709.0,1633.75,1661.75,1629.3258,36036000
2026-01-08,5802.T,1650.25,1658.0,1585.0,1589.0,1557.9952,31414400
2026-01-09,5802.T,1586.25,1587.5,1528.75,1576.0,1545.249,41096000
2026-01-13,5802.T,1645.5,1656.0,1607.0,1619.75,1588.1453,30152000
2026-01-14,5802.T,1641.25,1644.75,1593.75,1619.75,1588.1453,19402000
2026-01-15,5802.T,1637.5,1696.0,1637.0,1679.0,1646.2393,25634400
2026-01-16,5802.T,1680.0,1727.0,1673.25,1707.0,1673.6929,21331600
2026-01-19,5802.T,1659.0,1694.25,1650.25,1687.5,1654.5734,16393600
2026-01-20,5802.T,1700.0,1702.5,1631.5,1649.25,1617.0697,18362000
2026-01-21,5802.T,1602.25,1683.75,1600.75,1672.5,1639.866,21095200
2026-01-22,5802.T,1722.5,1741.75,1667.25,1677.25,1644.5233,18954000
2026-01-23,5802.T,1711.25,1724.25,1678.75,1681.25,1648.4453,17638800
2026-01-26,5802.T,1656.25,1683.5,1635.0,1636.75,1604.8136,17423200
2026-01-27,5802.T,1630.75,1679.5,1621.5,1669.75,1637.1697,14662000
2026-01-28,5802.T,1741.25,1797.0,1725.25,1752.5,1718.3052,34974000
2026-01-29,5802.T,1760.5,1778.75,1702.25,1715.0,1681.5369,20485600
2026-01-30,5802.T,1693.0,1728.5,1671.5,1681.0,1648.2002,19239600
2026-02-02,5802.T,1685.0,1762.5,1679.0,1701.0,1667.8099,30076400
2026-02-03,5802.T,1728.75,1951.0,1713.0,1913.75,1876.4087,83896000
2026-02-04,5802.T,1982.5,2059.75,1933.0,1958.25,1920.0405,79212800
2026-02-05,5802.T,1930.0,1950.0,1808.5,1851.75,1815.6185,41554000
2026-02-06,5802.T,1819.25,1895.0,1797.5,1885.0,1848.2197,35931600
2026-02-09,5802.T,2100.0,2144.5,2034.0,2091.75,2050.9355,57182800
2026-02-10,5802.T,2183.25,2220.5,2142.75,2182.0,2139.4248,35432400
2026-02-12,5802.T,2136.5,2251.0,2118.75,2192.5,2149.7197,50309600
2026-02-13,5802.T,2172.5,2224.75,2135.0,2148.25,2106.333,32536800
2026-02-16,5802.T,2205.0,2218.5,2158.0,2163.25,2121.0405,16400400
2026-02-17,5802.T,2161.0,2203.75,2121.75,2162.75,2120.5503,21045200
2026-02-18,5802.T,2128.0,2241.25,2113.25,2206.5,2163.4465,21998000
2026-02-19,5802.T,2255.0,2371.0,2248.0,2330.0,2284.5369,47669600
2026-02-20,5802.T,2314.75,2475.75,2308.0,2437.0,2389.449,60307200
2026-02-24,5802.T,2550.0,2723.75,2550.0,2597.5,2546.8174,50196000
2026-02-25,5802.T,2636.25,2723.75,2596.25,2678.75,2626.4819,38301600
2026-02-26,5802.T,2697.5,2700.0,2532.5,2560.0,2510.0491,39552400
2026-02-27,5802.T,2438.0,2600.0,2398.25,2593.75,2543.1406,40496800
2026-03-02,5802.T,2496.25,2735.0,2492.25,2716.25,2663.2502,36830800
2026-03-03,5802.T,2855.0,2873.75,2567.5,2581.25,2530.8843,44964800
2026-03-04,5802.T,2460.5,2606.25,2400.5,2486.25,2437.738,60817600
2026-03-05,5802.T,2610.0,2623.75,2475.25,2493.75,2445.0918,37162400
2026-03-06,5802.T,2445.0,2502.5,2369.5,2474.25,2425.9722,40166800
2026-03-09,5802.T,2250.0,2299.75,2137.5,2281.25,2236.738,43932000
2026-03-10,5802.T,2581.25,2590.0,2473.0,2482.75,2434.3062,35744400
2026-03-11,5802.T,2622.5,2756.25,2598.75,2678.75,2626.4819,34723200
2026-03-12,5802.T,2652.5,2675.0,2562.5,2591.25,2540.6892,27508000
2026-03-13,5802.T,2452.5,2656.25,2450.0,2597.5,2546.8174,28337200
2026-03-16,5802.T,2586.25,2603.75,2481.25,2537.5,2487.988,22441600
2026-03-17,5802.T,2556.25,2575.0,2366.5,2381.25,2334.7869,44028400
2026-03-18,5802.T,2452.5,2510.0,2431.25,2501.25,2452.4453,26602000
2026-03-19,5802.T,2434.25,2528.75,2426.75,2487.0,2438.4736,42941600
2026-03-23,5802.T,2312.0,2340.5,2237.5,2303.5,2258.554,37122000
2026-03-24,5802.T,2491.0,2492.75,2322.5,2375.5,2329.1492,29926000
2026-03-25,5802.T,2552.5,2577.5,2508.75,2552.5,2502.6953,23376000
2026-03-26,5802.T,2553.75,2580.0,2445.75,2471.25,2423.0308,29317600
2026-03-27,5802.T,2350.25,2391.25,2280.0,2370.0,2323.7563,42836000
2026-03-30,5802.T,2231.25,2258.5,2196.0,2250.0,2230.5681,33970000
2026-03-31,5802.T,2126.25,2207.25,2095.0,2095.0,2076.9067,34791600
2026-04-01,5802.T,2200.0,2317.25,2187.5,2317.25,2297.2373,39784400
2026-04-02,5802.T,2354.75,2388.75,2229.0,2276.0,2256.3438,35950400
2026-04-03,5802.T,2387.5,2412.5,2338.25,2350.0,2329.7046,27592400
2026-04-06,5802.T,2402.5,2474.75,2385.5,2385.5,2364.8979,35251200
2026-04-07,5802.T,2361.75,2389.25,2269.75,2297.75,2277.9058,29899200
2026-04-08,5802.T,2525.0,2600.0,2479.0,2578.75,2556.479,37963600
2026-04-09,5802.T,2541.25,2642.5,2492.5,2602.5,2580.0239,31398000
2026-04-10,5802.T,2527.5,2653.75,2525.0,2645.0,2622.1567,40325600
2026-04-13,5802.T,2621.25,2708.75,2444.5,2481.5,2460.0688,54396800
2026-04-14,5802.T,2532.5,2557.5,2464.75,2518.75,2496.9971,31499200
2026-04-15,5802.T,2593.75,2595.0,2387.75,2387.75,2367.1287,34988800
2026-04-16,5802.T,2412.5,2537.5,2406.75,2535.0,2513.1069,31634400
2026-04-17,5802.T,2512.5,2532.5,2463.0,2494.0,2472.4609,17624400
2026-04-20,5802.T,2532.5,2578.75,2478.25,2494.0,2472.4609,19030800
2026-04-21,5802.T,2575.0,2640.0,2547.5,2575.0,2552.7615,23458400
2026-04-22,5802.T,2572.5,2690.0,2507.5,2675.0,2651.8977,28077600
2026-04-23,5802.T,2701.25,2711.25,2498.75,2551.25,2529.2166,28264400
2026-04-24,5802.T,2586.25,2601.25,2503.75,2503.75,2482.1267,18620400
2026-04-27,5802.T,2490.5,2547.5,2485.0,2515.0,2493.2795,17965200
2026-04-28,5802.T,2500.0,2547.5,2488.0,2547.5,2525.4988,14195200
2026-04-30,5802.T,2557.5,2567.5,2507.5,2547.5,2525.4988,18523600
2026-05-01,5802.T,2570.0,2580.0,2475.0,2475.0,2453.625,17426400
2026-05-07,5802.T,2677.5,2836.25,2677.5,2836.25,2811.7551,43908400
2026-05-08,5802.T,2751.25,2827.5,2708.75,2826.25,2801.8416,20222800
2026-05-11,5802.T,2912.5,2917.5,2802.5,2802.5,2778.2966,18901600
2026-05-12,5802.T,3102.5,3186.25,2722.5,2912.5,2887.3467,67284400
2026-05-13,5802.T,2837.5,3211.25,2770.0,3193.75,3166.1677,49978800
2026-05-14,5802.T,3222.5,3257.5,2918.75,3026.25,3000.1143,45286400
2026-05-15,5802.T,3050.0,3106.25,2713.75,2745.0,2721.2932,41636400
2026-05-18,5802.T,2772.5,2933.75,2662.5,2845.0,2820.4297,34565600
2026-05-19,5802.T,2827.5,2837.5,2662.5,2710.0,2686.5955,24188800
2026-05-20,5802.T,2571.25,2692.5,2513.75,2631.25,2608.5256,31575600
2026-05-21,5802.T,2706.25,2748.75,2586.25,2682.5,2659.333,23785600
2026-05-22,5802.T,2867.5,2972.5,2850.0,2955.0,2929.4795,23796800
2026-05-25,5802.T,3041.25,3137.5,3027.5,3066.25,3039.7688,21146800
2026-05-26,5802.T,3037.5,3042.5,2930.0,2985.0,2959.2205,15528400
2026-05-27,5802.T,3123.75,3227.5,2996.25,3003.75,2977.8086,25836800
2026-05-28,5802.T,2930.0,3018.75,2891.25,2988.75,2962.938,20902400
2026-05-29,5802.T,3023.75,3146.25,2963.75,3146.25,3119.0779,39767600
2026-06-01,5802.T,3071.25,3325.0,3065.0,3295.0,3266.5432,31978000
2026-06-02,5802.T,3220.0,3335.0,3078.75,3253.75,3225.6494,29204000
2026-06-03,5802.T,3703.75,3712.5,3431.25,3491.25,3461.0984,27445600
2026-06-04,5802.T,3461.25,3533.75,3316.25,3366.25,3337.178,22343200
2026-06-05,5802.T,3216.25,3325.0,3165.0,3252.5,3224.4102,22626400
2026-06-08,5802.T,2931.25,3098.75,2926.25,3035.0,3008.7886,24971200
2026-06-09,5802.T,3035.0,3077.5,2881.25,3010.0,2984.0046,29742400
2026-06-10,5802.T,2865.0,2896.25,2608.75,2657.5,2634.5488,36773600
2026-06-11,5802.T,2486.25,2617.5,2454.25,2562.5,2540.3694,27684000
2026-06-12,5802.T,2740.0,2820.0,2721.25,2742.5,2718.8147,32723200
2026-06-15,5802.T,2831.25,2910.0,2810.0,2882.5,2857.6057,22958000
2026-06-16,5802.T,2877.5,3151.25,2868.75,3080.0,3053.4001,34988400
2026-06-17,5802.T,3000.0,3103.75,2983.75,3075.0,3048.4431,18692800
2026-06-18,5802.T,3068.75,3117.5,2981.25,3050.0,3023.6592,20476800
2026-06-19,5802.T,3500.0,3576.25,3307.5,3371.25,3342.1348,51720000
2026-06-22,5802.T,3423.75,3485.0,3311.25,3375.0,3345.8523,23458400
2026-06-23,5802.T,3525.0,3586.25,3120.0,3148.75,3121.5564,30143600
2026-06-24,5802.T,3077.5,3126.25,2971.25,3056.25,3029.8552,22789200
2026-06-25,5802.T,3153.75,3167.5,3025.0,3060.0,3033.5728,16326000
2026-06-26,5802.T,3121.25,3148.75,2951.25,2983.75,2957.9812,25106800
2026-06-29,5802.T,2960.0,2979.0,2768.0,2894.5,2869.502,17218700
2026-06-30,5802.T,2948.0,3019.0,2882.0,2927.0,2901.7214,20322400
2026-07-01,5802.T,3017.0,3017.0,2810.5,2834.0,2809.5247,16813200
2026-07-02,5802.T,2780.5,2783.5,2640.0,2688.5,2665.2812,20864900
2026-07-03,5802.T,2567.5,2688.0,2509.0,2664.0,2640.9927,25597100
2026-07-06,5802.T,2668.0,2696.0,2557.0,2592.5,2570.1104,18064100
2026-07-07,5802.T,2556.0,2620.0,2423.5,2443.0,2421.9014,26810700
2026-07-08,5802.T,2358.0,2454.0,2289.0,2361.5,2341.1052,29310800
2026-07-09,5802.T,2448.0,2487.0,2371.0,2401.0,2380.2642,18696000
2026-07-10,5802.T,2588.0,2624.0,2525.0,2582.0,2559.7009,28403300
2026-07-13,5802.T,2571.0,2620.5,2446.5,2486.0,2464.53,16839600
2026-07-14,5802.T,2451.5,2469.5,2388.0,2458.5,2437.2676,18618700
2026-07-15,5802.T,2495.0,2538.0,2456.5,2532.0,2510.1328,15348400
2026-07-16,5802.T,2423.5,2424.0,2327.5,2397.5,2376.7944,20928200
2026-07-17,5802.T,2300.0,2315.0,2151.5,2249.0,2229.5769,23416500
2026-07-21,5802.T,2299.0,2340.0,2253.5,2336.5,2316.321,21389000
2026-07-22,5802.T,2536.5,2564.0,2442.0,2451.0,2429.8323,24433600
2026-07-23,5802.T,2480.0,2537.0,2452.5,2512.0,2490.3054,17118200
2026-07-24,5802.T,2464.0,2474.0,2412.0,2469.0,2447.6768,11978900
2026-07-27,5802.T,2419.0,2429.0,2308.0,2355.0,2334.6614,17104800
2026-07-28,5802.T,2240.0,2273.5,2167.5,2187.5,2168.6079,20330500
2026-07-29,5802.T,2137.5,2197.0,2002.5,2072.0,2054.1055,29896700
2026-07-30,5802.T,2040.5,2175.5,2013.0,2109.5,2091.2815,26565700
2026-07-31,5802.T,2450.0,2450.0,2116.5,2184.0,2165.1382,63080100
2026-08-03,5802.T,2006.5,2075.0,1973.0,2062.5,2044.6875,37767100
2026-08-04,5802.T,2058.0,2165.5,2045.5,2161.5,2142.8325,23563900
2026-08-05,5802.T,2352.0,2395.0,2294.0,2371.5,2351.0188,30948900
2026-08-06,5802.T,2234.0,2283.0,2145.0,2158.5,2139.8584,31968400
2026-08-07,5802.T,2159.0,2178.5,2057.5,2129.5,2111.1089,30477300
2026-08-10,5802.T,2200.5,2253.0,2153.5,2161.0,2142.3369,24032000
2026-08-12,5802.T,2116.0,2287.0,2101.0,2270.0,2250.3955,27560000
2026-08-13,5802.T,2301.5,2401.5,2295.0,2334.5,2314.3384,26732000
2026-08-14,5802.T,2384.0,2403.0,2346.0,2386.0,2365.3936,27793500
2026-08-17,5802.T,2384.0,2473.5,2352.0,2473.0,2451.6423,19089100
2026-08-18,5802.T,2561.0,2584.0,2402.5,2419.5,2398.6042,28574300
2026-08-19,5802.T,2252.0,2282.5,2186.0,2210.0,2190.9136,24695500
2026-08-20,5802.T,2200.0,2228.5,2170.5,2218.5,2199.3403,18919100
2026-08-21,5802.T,2138.0,2213.5,2135.0,2178.5,2159.6858,15209700
2026-08-24,5802.T,2183.5,2204.0,2138.0,2151.5,2132.9189,12175800
2026-08-25,5802.T,2130.0,2211.5,2121.0,2199.5,2180.5044,17045300
2026-08-26,5802.T,2188.0,2233.0,2179.0,2211.5,2192.4006,16164600
2026-08-27,5802.T,2248.0,2281.5,2194.5,2255.0,2235.5249,18677700
2026-08-28,5802.T,2205.0,2232.0,2165.5,2180.0,2161.1729,18248500
2026-08-31,5802.T,2150.0,2228.5,2123.0,2221.0,2201.8186,21164500
2026-09-01,5802.T,2210.5,2230.0,2182.0,2209.0,2189.9224,13642900
2026-09-02,5802.T,2171.0,2205.5,2141.0,2155.5,2136.8843,19069400
2026-09-03,5802.T,2155.0,2159.0,2094.5,2103.0,2084.8376,15044400
2026-09-04,5802.T,2125.0,2151.5,2112.0,2133.0,2114.5786,10920500
2026-09-07,5802.T,2188.5,2214.5,2162.0,2201.5,2182.4871,13648500
2026-09-08,5802.T,2161.0,2180.5,2071.0,2071.0,2053.114,16687600
2026-09-09,5802.T,2103.5,2228.5,2103.0,2189.5,2170.5908,22688500
2026-09-10,5802.T,2150.0,2172.0,2071.0,2111.5,2093.2644,19160700
2026-09-11,5802.T,2020.0,2081.0,2015.0,2077.5,2059.5579,14578800
2026-09-14,5802.T,1998.0,2027.0,1983.5,2007.5,1990.1625,20175800
2026-09-15,5802.T,1964.5,2042.5,1961.0,1995.0,1977.7705,18106900
2026-09-16,5802.T,1982.0,2046.5,1968.5,2046.5,2028.8257,14096200
2026-09-17,5802.T,2096.5,2097.5,2044.0,2052.5,2034.7739,18463300
2026-09-18,5802.T,2081.0,2099.5,2057.0,2080.5,2062.532,19348200
2026-09-24,5802.T,2162.0,2254.0,2130.0,2200.5,2181.4956,28860200
2026-09-25,5802.T,2176.5,2212.0,2152.5,2211.0,2191.905,14543900
2026-09-28,5802.T,2231.0,2243.5,2200.0,2200.0,2181.0,12741500
2026-09-29,5802.T,2168.0,2198.0,2139.0,2173.5,2173.5,14441400
2026-09-30,5802.T,2230.0,2324.5,2217.5,2318.0,2318.0,27617200
2026-10-01,5802.T,2349.5,2372.5,2293.0,2369.0,2369.0,23788800
2026-10-02,5802.T,2356.0,2493.0,2346.5,2452.0,2452.0,27748400
2025-10-06,LITE,169.0,170.76,158.21,160.6,160.6,3114100
2025-10-07,LITE,160.99,162.749,154.11,157.15,157.15,2523900
2025-10-08,LITE,159.38,163.66,158.47,163.09,163.09,2258200
2025-10-09,LITE,163.66,165.03,159.19,159.76,159.76,1854400
2025-10-10,LITE,160.8,160.8,147.81,149.61,149.61,3375900
2025-10-13,LITE,158.3,160.78,155.41,160.56,160.56,2837900
2025-10-14,LITE,155.52,161.19,152.78,156.78,156.78,2444000
2025-10-15,LITE,162.45,162.45,154.62,156.57,156.57,2393300
2025-10-16,LITE,159.88,168.1,158.62,163.23,163.23,2608200
2025-10-17,LITE,160.63,170.6,160.44,164.77,164.77,2075300
2025-10-20,LITE,164.18,169.98,160.6,161.0,161.0,2675000
2025-10-21,LITE,161.0,165.756,157.5,162.95,162.95,2416700
2025-10-22,LITE,164.53,166.91,152.54,158.06,158.06,2407300
2025-10-23,LITE,158.81,170.17,157.395,168.5,168.5,2404400
2025-10-24,LITE,175.55,182.08,173.73,179.3,179.3,4055500
2025-10-27,LITE,193.63,206.91,190.06,193.8,193.8,5437800
2025-10-28,LITE,193.81,199.82,188.3,198.39,198.39,3168800
2025-10-29,LITE,201.09,214.5,198.11,214.28,214.28,6030200
2025-10-30,LITE,206.57,212.94,198.54,200.13,200.13,4242400
2025-10-31,LITE,201.21,206.99,197.19,201.56,201.56,3449900
2025-11-03,LITE,208.69,210.99,196.47,199.58,199.58,5246900
2025-11-04,LITE,187.8,197.07,184.2,188.36,188.36,5864300
2025-11-05,LITE,218.5,240.71,213.0,232.75,232.75,11152700
2025-11-06,LITE,243.72,258.35,236.98,239.68,239.68,7209900
2025-11-07,LITE,233.64,243.75,227.12,240.11,240.11,5621300
2025-11-10,LITE,256.765,273.892,255.72,259.89,259.89,7156800
2025-11-11,LITE,252.01,259.2,248.895,252.47,252.47,3518500
2025-11-12,LITE,262.46,270.0,250.795,253.81,253.81,4959800
2025-11-13,LITE,248.07,249.39,220.34,226.86,226.86,5436500
2025-11-14,LITE,215.52,237.22,215.35,232.15,232.15,4483900
2025-11-17,LITE,236.5,252.12,233.0,242.07,242.07,4212300
2025-11-18,LITE,245.35,252.83,232.11,247.43,247.43,5416400
2025-11-19,LITE,258.96,280.22,253.95,268.92,268.92,6481800
2025-11-20,LITE,280.0,282.66,229.585,233.24,233.24,7680900
2025-11-21,LITE,249.5,259.0,233.72,255.59,255.59,7714600
2025-11-24,LITE,267.2,300.0,266.005,299.36,299.36,7586200
2025-11-25,LITE,293.28,295.923,280.63,291.27,291.27,6371900
2025-11-26,LITE,289.76,312.99,279.06,308.28,308.28,4184500
2025-11-28,LITE,307.74,325.46,306.02,325.16,325.16,2194000
2025-12-01,LITE,314.99,322.0,306.16,317.93,317.93,4932900
2025-12-02,LITE,320.78,323.5,292.9,302.81,302.81,5794700
2025-12-03,LITE,306.97,306.97,288.5,302.98,302.98,3207400
2025-12-04,LITE,309.53,330.3,306.0,327.85,327.85,4444500
2025-12-05,LITE,340.96,344.0,325.68,331.41,331.41,3542600
2025-12-08,LITE,343.6,345.72,328.554,342.56,342.56,3269700
2025-12-09,LITE,342.72,362.43,335.51,360.33,360.33,4494300
2025-12-10,LITE,353.82,376.53,353.66,366.0,366.0,5333100
2025-12-11,LITE,365.19,374.97,348.01,372.09,372.09,3394000
2025-12-12,LITE,362.56,365.88,319.29,324.35,324.35,6869100
2025-12-15,LITE,341.475,348.75,333.03,334.69,334.69,4708500
2025-12-16,LITE,326.01,331.44,309.07,316.15,316.15,4921000
2025-12-17,LITE,337.91,337.91,315.0,320.25,320.25,4164200
2025-12-18,LITE,336.4,343.65,326.05,337.13,337.13,3966400
2025-12-19,LITE,339.07,373.34,339.03,371.43,371.43,4410200
2025-12-22,LITE,382.65,391.2,375.15,389.88,389.88,3125500
2025-12-23,LITE,380.96,390.41,380.91,387.41,387.41,1627000
2025-12-24,LITE,387.75,401.6,385.2,395.92,395.92,1522400
2025-12-26,LITE,397.73,400.89,384.63,390.77,390.77,1585300
2025-12-29,LITE,377.51,387.105,364.02,372.61,372.61,2965700
2025-12-30,LITE,373.97,380.32,370.0,371.18,371.18,1610100
2025-12-31,LITE,372.99,379.5,367.12,368.59,368.59,1595000
2026-01-02,LITE,379.38,392.0,375.0,386.11,386.11,2819300
2026-01-05,LITE,388.34,393.0,344.67,357.05,357.05,5787800
2026-01-06,LITE,355.675,399.72,339.021,397.42,397.42,5619700
2026-01-07,LITE,378.02,402.795,365.47,392.88,392.88,4716300
2026-01-08,LITE,394.3,395.04,343.0,348.26,348.26,5137300
2026-01-09,LITE,334.302,362.72,333.01,351.42,351.42,5914400
2026-01-12,LITE,340.36,343.8,322.69,339.87,339.87,5803900
2026-01-13,LITE,336.935,364.505,333.34,361.33,361.33,3834500
2026-01-14,LITE,354.15,357.0,327.38,331.62,331.62,3665000
2026-01-15,LITE,334.865,354.5,329.0,343.27,343.27,3651700
2026-01-16,LITE,348.58,354.0,317.44,324.25,324.25,3780700
2026-01-20,LITE,323.825,357.66,320.31,356.83,356.83,5318000
2026-01-21,LITE,373.6,376.54,350.01,362.44,362.44,4969400
2026-01-22,LITE,375.865,391.46,350.0,354.49,354.49,4465600
2026-01-23,LITE,354.49,354.968,334.0,339.19,339.19,3469400
2026-01-26,LITE,337.75,350.68,327.29,332.45,332.45,2726800
2026-01-27,LITE,341.87,374.0,340.0,370.66,370.66,3618600
2026-01-28,LITE,375.915,394.88,373.57,385.0,385.0,4356800
2026-01-29,LITE,388.0,398.16,364.19,381.44,381.44,4006600
2026-01-30,LITE,406.25,448.0,384.33,391.84,391.84,7098800
2026-02-02,LITE,405.49,445.0,404.99,423.42,423.42,5799100
2026-02-03,LITE,451.74,464.0,424.52,435.1,435.1,8109400
2026-02-04,LITE,473.12,504.58,426.05,465.54,465.54,12144900
2026-02-05,LITE,436.22,507.55,425.01,504.42,504.42,8673000
2026-02-06,LITE,540.0,558.38,513.28,551.99,551.99,6735500
2026-02-09,LITE,556.72,599.5,555.35,577.15,577.15,5903800
2026-02-10,LITE,548.22,574.69,530.29,561.13,561.13,4787700
2026-02-11,LITE,563.245,597.0,545.88,574.11,574.11,4011200
2026-02-12,LITE,593.35,603.83,568.2,583.46,583.46,4605700
2026-02-13,LITE,581.54,593.4,539.18,562.74,562.74,4973000
2026-02-17,LITE,538.0,616.52,528.01,600.42,600.42,5625000
2026-02-18,LITE,602.09,610.3,587.0,594.26,594.26,2995100
2026-02-19,LITE,592.565,636.68,578.3,635.64,635.64,4206200
2026-02-20,LITE,638.0,678.0,636.0,667.77,667.77,4289500
2026-02-23,LITE,664.05,688.07,652.21,674.73,674.73,4493000
2026-02-24,LITE,680.01,698.5,662.0,688.27,688.27,3573400
2026-02-25,LITE,713.71,765.0,712.73,723.39,723.39,4667700
2026-02-26,LITE,717.285,728.2,662.0,677.0,677.0,5468000
2026-02-27,LITE,679.95,720.1,672.01,700.91,700.91,8912200
2026-03-02,LITE,742.895,783.8,714.0,783.25,783.25,6888700
2026-03-03,LITE,727.05,732.0,681.1,694.43,694.43,7208700
2026-03-04,LITE,726.0,736.0,643.18,680.8,680.8,7905300
2026-03-05,LITE,644.715,681.75,614.13,650.82,650.82,6743800
2026-03-06,LITE,610.445,642.0,548.24,558.44,558.44,8754300
2026-03-09,LITE,578.0,641.02,573.66,640.69,640.69,7822700
2026-03-10,LITE,679.01,715.73,669.0,672.0,672.0,7129000
2026-03-11,LITE,651.07,675.58,637.01,672.0,672.0,4080600
2026-03-12,LITE,643.545,664.995,616.04,616.09,616.09,4922500
2026-03-13,LITE,634.81,639.56,611.08,622.5,622.5,3849700
2026-03-16,LITE,656.0,672.99,607.27,624.84,624.84,5036600
2026-03-17,LITE,597.0,669.9,573.73,649.56,649.56,9003700
2026-03-18,LITE,709.15,743.86,696.0,700.81,700.81,9636400
2026-03-19,LITE,678.985,775.0,670.0,772.13,772.13,7567000
2026-03-20,LITE,785.49,787.45,680.66,706.35,706.35,22868800
2026-03-23,LITE,742.745,766.0,710.03,728.95,728.95,7352900
2026-03-24,LITE,728.85,803.58,728.85,801.99,801.99,6993700
2026-03-25,LITE,795.5,808.8,763.11,777.17,777.17,4969400
2026-03-26,LITE,744.85,753.66,687.58,688.8,688.8,6305600
2026-03-27,LITE,706.41,732.83,692.33,702.73,702.73,5275100
2026-03-30,LITE,725.8,735.0,642.37,654.79,654.79,7436400
2026-03-31,LITE,679.0,703.43,649.5,702.76,702.76,6115900
2026-04-01,LITE,734.875,784.894,732.0,764.65,764.65,6911900
2026-04-02,LITE,708.585,827.56,707.835,826.88,826.88,7886200
2026-04-06,LITE,828.48,836.91,767.01,772.28,772.28,5809700
2026-04-07,LITE,778.82,816.92,770.0,815.75,815.75,5486600
2026-04-08,LITE,877.415,901.3,842.0,896.02,896.02,7025400
2026-04-09,LITE,912.0,960.0,871.73,894.13,894.13,7034600
2026-04-10,LITE,908.085,931.75,863.0,897.3,897.3,7136100
2026-04-13,LITE,889.0,905.9,841.05,871.18,871.18,6558600
2026-04-14,LITE,901.15,904.99,836.0,852.79,852.79,5461900
2026-04-15,LITE,856.885,859.49,800.56,824.01,824.01,5994400
2026-04-16,LITE,825.012,903.0,820.16,891.22,891.22,6115700
2026-04-17,LITE,912.0,912.0,865.02,894.07,894.07,4343900
2026-04-20,LITE,889.5,906.2,861.97,895.11,895.11,3337500
2026-04-21,LITE,900.0,925.5,832.18,836.92,836.92,5725500
2026-04-22,LITE,849.85,874.17,818.0,873.6,873.6,4635200
2026-04-23,LITE,854.0,881.85,831.915,846.89,846.89,3756400
2026-04-24,LITE,837.02,896.11,829.13,881.64,881.64,4205800
2026-04-27,LITE,855.745,867.855,811.45,859.68,859.68,5289700
2026-04-28,LITE,813.74,842.0,780.48,791.37,791.37,5547700
2026-04-29,LITE,821.11,887.9,814.189,858.32,858.32,6179900
2026-04-30,LITE,895.17,921.37,856.0,902.32,902.32,6148500
2026-05-01,LITE,913.0,985.13,905.7,949.93,949.93,4774700
2026-05-04,LITE,986.88,1004.94,952.0,976.18,976.18,5445800
2026-05-05,LITE,975.825,1021.0,966.06,994.56,994.56,6588100
2026-05-06,LITE,996.0,1013.5,902.01,944.28,944.28,9902100
2026-05-07,LITE,915.975,918.02,854.62,892.58,892.58,7268200
2026-05-08,LITE,917.0,934.92,866.0,903.8,903.8,6727600
2026-05-11,LITE,949.715,1073.33,949.45,1053.09,1053.09,9550900
2026-05-12,LITE,1018.23,1085.6801,937.64,992.37,992.37,7562700
2026-05-13,LITE,1051.585,1062.1,998.2,1030.37,1030.37,4398500
2026-05-14,LITE,1002.0,1024.85,983.02,1001.81,1001.81,3557100
2026-05-15,LITE,941.6,987.85,923.0,970.7,970.7,10141800
2026-05-18,LITE,953.295,954.26,857.0,884.98,884.98,7197500
2026-05-19,LITE,873.17,910.0,845.0,890.09,890.09,5025800
2026-05-20,LITE,917.01,929.26,856.23,868.07,868.07,5195000
2026-05-21,LITE,869.8,977.27,859.0,964.5,964.5,5781900
2026-05-22,LITE,965.15,971.05,934.85,946.9,946.9,3076900
2026-05-26,LITE,963.01,963.01,903.02,910.81,910.81,5212200
2026-05-27,LITE,901.55,915.0,858.0,902.31,902.31,4236000
2026-05-28,LITE,936.7,948.49,854.52,860.62,860.62,6128600
2026-05-29,LITE,860.68,869.0,822.5,854.96,854.96,6364000
2026-06-01,LITE,825.25,931.85,806.62,905.0,905.0,7932700
2026-06-02,LITE,935.13,1035.0,935.012,1029.15,1029.15,8154600
2026-06-03,LITE,1029.075,1049.53,932.5,938.0,938.0,6202200
2026-06-04,LITE,900.1,955.477,864.2,945.08,945.08,6060900
2026-06-05,LITE,912.62,974.0,853.1,863.66,863.66,7543900
2026-06-08,LITE,899.79,914.0,841.93,895.4,895.4,5097100
2026-06-09,LITE,908.12,914.0,776.01,821.76,821.76,7966100
2026-06-10,LITE,833.695,884.18,825.66,853.26,853.26,5839500
2026-06-11,LITE,863.0,890.8,840.52,889.59,889.59,4672200
2026-06-12,LITE,889.425,934.26,863.0,921.56,921.56,4553700
2026-06-15,LITE,965.98,998.5,923.95,957.24,957.24,5266100
2026-06-16,LITE,958.475,961.68,863.41,875.36,875.36,6070800
2026-06-17,LITE,879.08,891.545,853.78,869.98,869.98,5148200
2026-06-18,LITE,881.975,888.54,831.17,850.0,850.0,8360800
2026-06-22,LITE,852.52,906.18,829.0,893.93,893.93,6909900
2026-06-23,LITE,832.15,856.6,812.8,827.92,827.92,4817100
2026-06-24,LITE,825.0,866.43,803.24,842.53,842.53,4452700
2026-06-25,LITE,887.25,899.53,810.24,861.97,861.97,4522200
2026-06-26,LITE,822.55,824.855,774.3,816.98,816.98,9122000
2026-06-29,LITE,806.01,852.78,754.0,851.4,851.4,5604200
2026-06-30,LITE,844.03,874.86,838.11,858.06,858.06,4246600
2026-07-01,LITE,818.405,841.26,784.0,801.16,801.16,4202800
2026-07-02,LITE,777.575,803.9,710.01,728.32,728.32,5217800
2026-07-06,LITE,729.0,747.0,716.125,731.25,731.25,3805500
2026-07-07,LITE,699.42,732.57,680.43,698.91,698.91,3750800
2026-07-08,LITE,688.9,719.12,683.395,707.1,707.1,2586200
2026-07-09,LITE,755.155,804.9,751.9,785.77,785.77,5520000
2026-07-10,LITE,769.545,806.563,761.62,802.01,802.01,3675800
2026-07-13,LITE,778.38,809.23,761.53,768.15,768.15,3694400
2026-07-14,LITE,816.26,839.88,796.01,814.8,814.8,3768900
2026-07-15,LITE,813.95,821.95,716.4,752.0,752.0,4205400
2026-07-16,LITE,731.39,738.0,693.0,706.23,706.23,3984900
2026-07-17,LITE,678.47,747.0,650.82,732.82,732.82,4940200
2026-07-20,LITE,764.13,801.8,763.0,765.55,765.55,4428700
2026-07-21,LITE,811.5,843.0,799.81,837.56,837.56,4043600
2026-07-22,LITE,810.22,859.88,809.006,829.7,829.7,3876200
2026-07-23,LITE,841.0,897.0,824.01,833.64,833.64,4547400
2026-07-24,LITE,810.5,831.21,755.03,762.99,762.99,3651200
2026-07-27,LITE,767.85,770.3,697.88,711.96,711.96,3744200
2026-07-28,LITE,677.55,678.99,602.28,651.93,651.93,5642300
2026-07-29,LITE,655.21,655.21,594.84,602.35,602.35,6388600
2026-07-30,LITE,661.91,698.28,650.0,693.24,693.24,5621200
2026-07-31,LITE,748.0,772.604,691.1,713.94,713.94,4550400
2026-08-03,LITE,685.64,785.34,671.0,779.89,779.89,4198400
2026-08-04,LITE,852.355,868.32,813.26,849.47,849.47,6642900
2026-08-05,LITE,824.79,883.65,824.0,826.26,826.26,3421900
2026-08-06,LITE,808.53,881.79,793.0,838.06,838.06,4140200
2026-08-07,LITE,870.0,928.48,861.9,890.17,890.17,5818800
2026-08-10,LITE,931.05,937.0,810.885,813.51,813.51,6155000
2026-08-11,LITE,815.67,823.7,787.01,820.59,820.59,5985700
2026-08-12,LITE,899.0,966.6,836.31,932.47,932.47,11774600
2026-08-13,LITE,927.585,946.92,875.59,880.41,880.41,4646000
2026-08-14,LITE,892.685,957.895,885.27,926.14,926.14,4251900
2026-08-17,LITE,948.41,999.675,927.0,968.9,968.9,5388200
2026-08-18,LITE,909.28,943.76,863.11,873.31,873.31,6012800
2026-08-19,LITE,892.2,893.847,821.03,827.6,827.6,4409400
2026-08-20,LITE,830.0,881.88,815.03,879.28,879.28,4260100
2026-08-21,LITE,898.62,922.99,855.01,866.71,866.71,3660700
2026-08-24,LITE,823.6,844.0,784.47,830.17,830.17,3919000
2026-08-25,LITE,858.1,887.36,841.1,885.565,885.565,3240600
2026-08-26,LITE,880.0,947.53,876.09,939.03,939.03,4511400
2026-08-27,LITE,958.73,970.32,918.01,956.14,956.14,4119600
2026-08-28,LITE,941.71,942.91,893.65,895.0,895.0,3442100
2026-08-31,LITE,894.58,918.84,886.835,914.76,914.76,3206500
2026-09-01,LITE,901.04,909.14,854.126,868.95,868.95,3834300
2026-09-02,LITE,867.714,887.46,848.43,870.58,870.58,2791300
2026-09-03,LITE,874.0,874.0,818.89,847.37,847.37,3301500
2026-09-04,LITE,861.385,885.83,841.04,881.255,881.255,3558500
2026-09-08,LITE,897.56,1000.15,884.7,978.535,978.535,7390800
2026-09-09,LITE,980.055,1026.76,978.11,988.98,988.98,4539800
2026-09-10,LITE,959.44,994.5,933.82,935.7,935.7,3962400
2026-09-11,LITE,945.595,973.5,914.65,927.03,927.03,3396700
2026-09-14,LITE,860.875,878.99,833.7,835.03,835.03,4919200
2026-09-15,LITE,842.705,856.0,832.11,838.96,838.96,2893700
2026-09-16,LITE,856.0,937.88,855.09,919.4,919.4,6482700
2026-09-17,LITE,934.88,945.0,886.1,893.61,893.61,4902900
2026-09-18,LITE,915.66,951.6,896.0,930.91,930.91,9259400
2026-09-21,LITE,959.27,983.45,946.0,954.49,954.49,4713600
2026-09-22,LITE,937.17,1002.0,934.38,945.67,945.67,4333900
2026-09-23,LITE,946.56,960.0,924.55,937.0,937.0,3271500
2026-09-24,LITE,923.83,954.45,912.0,929.04,929.04,3671300
2026-09-25,LITE,936.035,962.88,913.29,941.65,941.65,3853800
2026-09-28,LITE,947.8,950.97,881.23,921.32,921.32,4461500
2026-09-29,LITE,945.0,998.88,934.505,973.49,973.49,6036700
2026-09-30,LITE,985.535,1009.45,940.27,971.26,971.26,3996400
2026-10-01,LITE,980.0,1078.04,966.0,1045.78,1045.78,7546600
2026-10-02,LITE,1053.26,1091.61,1037.244,1085.42,1085.42,4670500
2025-10-06,COHR,116.98,118.55,113.09,114.77,114.77,3775500
2025-10-07,COHR,116.35,117.26,110.02,113.56,113.56,3932300
2025-10-08,COHR,114.68,117.45,113.97,116.67,116.67,2378700
2025-10-09,COHR,117.02,122.93,116.5,122.35,122.35,3574600
2025-10-10,COHR,122.0,122.01,111.08,111.1,111.1,3883700
2025-10-13,COHR,117.28,117.74,113.8,115.13,115.13,2868300
2025-10-14,COHR,111.39,113.27,108.19,109.37,109.37,2641100
2025-10-15,COHR,112.34,113.06,108.19,110.41,110.41,3175500
2025-10-16,COHR,112.86,117.95,112.32,115.96,115.96,3368300
2025-10-17,COHR,113.87,117.53,113.04,116.35,116.35,2405500
2025-10-20,COHR,119.66,125.0,119.51,120.2,120.2,3075800
2025-10-21,COHR,121.4,123.15,119.68,120.79,120.79,2993200
2025-10-22,COHR,120.1,122.65,112.96,115.37,115.37,3602300
2025-10-23,COHR,115.15,121.88,115.0,121.52,121.52,2603300
2025-10-24,COHR,124.82,132.0,124.48,129.34,129.34,5477100
2025-10-27,COHR,133.22,136.0,131.37,134.99,134.99,4588800
2025-10-28,COHR,133.91,136.13,131.45,134.24,134.24,3008400
2025-10-29,COHR,136.75,141.43,135.55,138.06,138.06,3712000
2025-10-30,COHR,134.46,137.17,132.43,132.71,132.71,3002500
2025-10-31,COHR,135.55,136.7,128.08,131.96,131.96,4537100
2025-11-03,COHR,133.54,135.5,130.52,132.0,132.0,3782700
2025-11-04,COHR,125.94,131.48,123.75,128.7,128.7,4230900
2025-11-05,COHR,131.71,139.35,126.0,134.63,134.63,9063100
2025-11-06,COHR,153.7,162.5,150.53,159.3,159.3,10803400
2025-11-07,COHR,146.5,155.0,145.41,154.51,154.51,7985100
2025-11-10,COHR,159.0,168.57,157.65,166.72,166.72,6874700
2025-11-11,COHR,162.33,163.12,156.36,158.01,158.01,4184700
2025-11-12,COHR,161.0,164.01,155.83,156.67,156.67,3716900
2025-11-13,COHR,152.22,152.67,136.74,139.97,139.97,7205800
2025-11-14,COHR,134.37,146.02,132.51,139.33,139.33,4134900
2025-11-17,COHR,138.04,144.12,136.31,139.07,139.07,3523500
2025-11-18,COHR,136.86,139.75,132.99,138.15,138.15,3108900
2025-11-19,COHR,138.68,147.57,137.87,142.94,142.94,3658500
2025-11-20,COHR,150.0,155.7,133.24,135.61,135.61,5688700
2025-11-21,COHR,135.84,142.85,130.42,139.51,139.51,5003000
2025-11-24,COHR,145.11,155.82,145.11,151.81,151.81,5471200
2025-11-25,COHR,146.2,149.09,142.46,148.85,148.85,6559700
2025-11-26,COHR,148.47,156.17,147.0,154.0,154.0,3664300
2025-11-28,COHR,158.36,166.81,156.28,164.26,164.26,4781500
2025-12-01,COHR,160.41,165.73,160.0,163.5,163.5,4136200
2025-12-02,COHR,168.0,172.58,162.27,164.89,164.89,4572600
2025-12-03,COHR,164.37,171.18,158.21,170.96,170.96,4085700
2025-12-04,COHR,169.6,186.48,169.37,177.35,177.35,6568600
2025-12-05,COHR,186.0,188.36,181.48,181.79,181.79,5181700
2025-12-08,COHR,187.24,190.85,179.0,185.86,185.86,5857200
2025-12-09,COHR,180.6,195.0,180.35,192.73,192.73,3995700
2025-12-10,COHR,193.32,200.19,191.44,197.45,197.45,4188500
2025-12-11,COHR,192.66,200.01,188.75,198.5,198.5,5474400
2025-12-12,COHR,195.0,196.04,176.63,178.34,178.34,7353000
2025-12-15,COHR,183.83,186.53,177.0,178.45,178.45,4507400
2025-12-16,COHR,177.55,182.56,172.06,175.2,175.2,4319600
2025-12-17,COHR,180.0,186.67,170.12,170.44,170.44,4582800
2025-12-18,COHR,178.75,179.5,170.61,175.71,175.71,4707800
2025-12-19,COHR,178.7,187.12,174.81,185.83,185.83,4441000
2025-12-22,COHR,192.87,197.21,189.5,190.98,190.98,3380000
2025-12-23,COHR,187.56,192.99,187.3,191.87,191.87,2052300
2025-12-24,COHR,192.96,195.24,189.58,191.37,191.37,1566300
2025-12-26,COHR,193.09,193.99,188.1,191.72,191.72,1707600
2025-12-29,COHR,187.95,190.75,183.55,189.02,189.02,2023200
2025-12-30,COHR,190.0,190.19,186.43,186.81,186.81,1259500
2025-12-31,COHR,187.72,188.7,183.81,184.57,184.57,2170000
2026-01-02,COHR,188.0,195.92,187.02,194.33,194.33,3515100
2026-01-05,COHR,197.66,200.18,179.75,186.36,186.36,5235400
2026-01-06,COHR,182.32,194.23,176.99,194.11,194.11,4647500
2026-01-07,COHR,190.0,193.59,185.0,191.62,191.62,3064300
2026-01-08,COHR,190.16,191.21,171.8,173.15,173.15,5985000
2026-01-09,COHR,169.0,181.55,167.5,178.06,178.06,5456500
2026-01-12,COHR,174.5,186.0,174.5,185.18,185.18,5984600
2026-01-13,COHR,189.08,195.89,186.98,190.03,190.03,4541300
2026-01-14,COHR,190.74,196.73,182.56,184.11,184.11,2882800
2026-01-15,COHR,192.33,210.9,190.95,195.96,195.96,7028800
2026-01-16,COHR,197.0,201.93,189.59,191.04,191.04,3592300
2026-01-20,COHR,186.31,198.35,186.03,193.46,193.46,4305500
2026-01-21,COHR,197.51,208.1,191.0,201.46,201.46,5978400
2026-01-22,COHR,208.2,213.3,198.8,202.72,202.72,4101300
2026-01-23,COHR,198.23,200.23,189.5,196.94,196.94,2564900
2026-01-26,COHR,196.28,205.0,192.38,197.76,197.76,3097000
2026-01-27,COHR,201.38,216.04,200.6,214.0,214.0,4140200
2026-01-28,COHR,214.01,222.97,210.55,221.14,221.14,4303500
2026-01-29,COHR,221.0,222.27,206.14,215.86,215.86,4535800
2026-01-30,COHR,221.57,237.18,210.48,212.18,212.18,7083200
2026-02-02,COHR,208.79,229.36,208.04,222.44,222.44,5212000
2026-02-03,COHR,232.01,241.5,221.05,229.18,229.18,6938800
2026-02-04,COHR,232.65,240.39,203.33,211.0,211.0,13363100
2026-02-05,COHR,179.11,211.0,175.24,209.24,209.24,12867100
2026-02-06,COHR,216.53,234.0,213.0,227.68,227.68,6589900
2026-02-09,COHR,227.0,247.15,219.68,242.46,242.46,5940600
2026-02-10,COHR,232.2,236.11,225.18,228.37,228.37,7514100
2026-02-11,COHR,234.98,237.6,218.84,223.69,223.69,5608400
2026-02-12,COHR,227.26,227.47,209.23,216.1,216.1,6733700
2026-02-13,COHR,222.01,223.38,211.0,217.23,217.23,4052200
2026-02-17,COHR,212.4,224.39,204.57,219.96,219.96,4616600
2026-02-18,COHR,220.72,229.0,219.16,223.89,223.89,3227100
2026-02-19,COHR,221.96,232.98,216.87,232.48,232.48,4084700
2026-02-20,COHR,232.0,252.49,229.51,248.18,248.18,6285900
2026-02-23,COHR,248.18,255.0,246.28,248.89,248.89,4712700
2026-02-24,COHR,253.25,261.33,247.93,254.86,254.86,4618900
2026-02-25,COHR,260.6,276.5,259.0,267.9,267.9,7096800
2026-02-26,COHR,268.51,270.49,246.7,250.14,250.14,7894000
2026-02-27,COHR,247.02,260.91,241.71,258.93,258.93,15226100
2026-03-02,COHR,274.93,299.09,271.62,298.91,298.91,10243400
2026-03-03,COHR,285.87,293.15,271.68,280.81,280.81,8099500
2026-03-04,COHR,295.79,300.2,260.65,274.86,274.86,10520100
2026-03-05,COHR,262.71,275.34,246.57,253.87,253.87,8812300
2026-03-06,COHR,239.45,257.56,230.1,235.72,235.72,8055900
2026-03-09,COHR,236.39,254.36,236.0,252.32,252.32,10589700
2026-03-10,COHR,259.0,272.59,258.18,260.64,260.64,7866100
2026-03-11,COHR,251.54,258.0,242.82,251.41,251.41,6806900
2026-03-12,COHR,244.8,251.12,239.08,241.27,241.27,5718800
2026-03-13,COHR,248.38,251.66,241.21,242.76,242.76,3932600
2026-03-16,COHR,255.01,262.79,242.76,247.37,247.37,6165200
2026-03-17,COHR,235.26,252.49,230.2,245.8,245.8,7599900
2026-03-18,COHR,251.94,265.8,251.03,257.21,257.21,9952700
2026-03-19,COHR,246.0,276.24,243.88,275.57,275.57,9382800
2026-03-20,COHR,280.53,281.16,241.01,253.63,253.63,51484800
2026-03-23,COHR,254.19,267.67,250.15,255.05,255.05,9205200
2026-03-24,COHR,255.25,277.37,255.15,272.33,272.33,9338800
2026-03-25,COHR,275.0,278.8,262.0,272.04,272.04,5314100
2026-03-26,COHR,261.14,263.0,243.08,243.29,243.29,6390900
2026-03-27,COHR,243.81,253.6,239.39,243.48,243.48,5433500
2026-03-30,COHR,247.58,248.93,215.55,219.65,219.65,8235200
2026-03-31,COHR,224.08,238.77,220.2,238.21,238.21,6152000
2026-04-01,COHR,244.14,256.88,244.14,247.8,247.8,6927800
2026-04-02,COHR,235.0,261.9,231.79,258.16,258.16,5188100
2026-04-06,COHR,262.8,267.59,249.72,253.22,253.22,3772200
2026-04-07,COHR,251.87,259.98,247.0,255.1,255.1,4027500
2026-04-08,COHR,277.3,284.98,265.72,281.79,281.79,7230100
2026-04-09,COHR,286.4,301.0,277.19,284.17,284.17,6374700
2026-04-10,COHR,295.95,310.98,275.69,307.5,307.5,7969000
2026-04-13,COHR,305.75,313.0,302.81,307.93,307.93,4516800
2026-04-14,COHR,317.08,320.0,299.0,313.42,313.42,4500100
2026-04-15,COHR,313.5,322.48,304.06,308.2,308.2,4953400
2026-04-16,COHR,315.0,332.0,312.92,328.0,328.0,6805400
2026-04-17,COHR,333.49,345.12,332.25,345.02,345.02,5628900
2026-04-20,COHR,346.28,348.47,335.0,347.51,347.51,3872500
2026-04-21,COHR,352.94,362.54,340.71,343.79,343.79,5115900
2026-04-22,COHR,352.89,364.8,338.1,350.47,350.47,5202300
2026-04-23,COHR,342.95,356.88,326.23,337.68,337.68,6064200
2026-04-24,COHR,337.36,343.77,326.34,336.09,336.09,5294900
2026-04-27,COHR,330.5,333.93,309.44,321.53,321.53,6217500
2026-04-28,COHR,304.5,312.52,291.0,303.97,303.97,6393400
2026-04-29,COHR,308.46,311.48,298.09,304.93,304.93,6884400
2026-04-30,COHR,310.0,321.14,301.18,319.71,319.71,6165400
2026-05-01,COHR,317.01,335.48,310.58,329.5,329.5,4620100
2026-05-04,COHR,344.95,348.3,323.32,329.89,329.89,6539000
2026-05-05,COHR,325.03,345.44,324.88,335.73,335.73,5601200
2026-05-06,COHR,341.91,354.2,331.22,344.67,344.67,9720600
2026-05-07,COHR,328.84,337.34,308.17,319.19,319.19,12673300
2026-05-08,COHR,325.93,339.47,315.03,335.26,335.26,7901600
2026-05-11,COHR,345.0,384.85,338.0,379.69,379.69,9856100
2026-05-12,COHR,372.96,381.95,348.99,374.01,374.01,5990300
2026-05-13,COHR,401.58,413.0,378.5,403.71,403.71,6758900
2026-05-14,COHR,400.09,411.71,390.31,404.94,404.94,4791300
2026-05-15,COHR,382.72,394.86,370.94,382.45,382.45,6627000
2026-05-18,COHR,382.0,384.0,352.85,362.83,362.83,6342100
2026-05-19,COHR,354.42,365.94,336.7,353.63,353.63,5779000
2026-05-20,COHR,362.97,365.86,345.02,358.5,358.5,5065900
2026-05-21,COHR,361.0,382.48,357.75,378.0,378.0,4366200
2026-05-22,COHR,382.0,385.0,368.52,377.57,377.57,3980200
2026-05-26,COHR,383.33,387.62,369.1,381.35,381.35,4081200
2026-05-27,COHR,383.93,387.28,359.22,380.18,380.18,3989500
2026-05-28,COHR,387.82,393.52,369.36,376.95,376.95,3698100
2026-05-29,COHR,375.65,378.27,343.51,361.47,361.47,11073100
2026-06-01,COHR,350.93,366.0,346.63,362.9,362.9,6065900
2026-06-02,COHR,381.86,433.69,377.58,426.89,426.89,9124000
2026-06-03,COHR,435.98,440.0,409.18,417.43,417.43,5393600
2026-06-04,COHR,398.7,432.51,380.2,421.9,421.9,6032700
2026-06-05,COHR,405.27,417.76,375.09,376.99,376.99,6418700
2026-06-08,COHR,396.0,415.0,375.09,401.93,401.93,5558400
2026-06-09,COHR,407.08,410.7,335.48,355.94,355.94,8180300
2026-06-10,COHR,353.49,373.36,345.53,354.77,354.77,5666800
2026-06-11,COHR,354.85,371.09,345.3,363.58,363.58,6489500
2026-06-12,COHR,374.27,394.5,354.19,385.03,385.03,5386600
2026-06-15,COHR,403.35,420.57,394.0,413.84,413.84,5158700
2026-06-16,COHR,423.74,424.0,381.85,382.81,382.81,5594400
2026-06-17,COHR,387.02,393.0,376.55,378.85,378.85,5707600
2026-06-18,COHR,394.0,402.78,376.65,389.57,389.57,7520600
2026-06-22,COHR,395.04,439.68,380.01,425.48,425.48,9178100
2026-06-23,COHR,388.69,399.14,379.52,381.22,381.22,5954800
2026-06-24,COHR,385.1,397.0,365.01,392.5,392.5,4641200
2026-06-25,COHR,415.18,419.0,376.34,407.25,407.25,4530200
2026-06-26,COHR,392.8,393.39,368.2,380.56,380.56,7103900
2026-06-29,COHR,379.09,391.47,341.68,391.22,391.22,7860000
2026-06-30,COHR,388.43,399.45,381.6,394.47,394.47,4428300
2026-07-01,COHR,370.11,386.74,360.01,368.65,368.65,4316200
2026-07-02,COHR,358.08,371.75,325.66,333.36,333.36,6965900
2026-07-06,COHR,333.19,352.2,331.0,335.7,335.7,3258300
2026-07-07,COHR,320.92,330.0,304.07,314.13,314.13,5475000
2026-07-08,COHR,312.15,328.54,304.77,317.05,317.05,3873700
2026-07-09,COHR,335.14,340.73,326.27,327.24,327.24,4158600
2026-07-10,COHR,321.4,330.15,315.19,324.5,324.5,4030200
2026-07-13,COHR,314.0,322.84,306.1,307.39,307.39,3218900
2026-07-14,COHR,320.5,322.01,307.1,310.77,310.77,3093700
2026-07-15,COHR,315.12,316.13,281.06,299.38,299.38,5188100
2026-07-16,COHR,286.09,289.93,273.87,276.96,276.96,4962600
2026-07-17,COHR,264.84,285.34,255.14,277.6,277.6,5956400
2026-07-20,COHR,288.65,298.87,284.2,285.4,285.4,3606800
2026-07-21,COHR,307.26,319.95,301.87,317.22,317.22,4531800
2026-07-22,COHR,306.68,319.76,305.85,312.19,312.19,2769700
2026-07-23,COHR,308.74,327.78,306.85,313.22,313.22,2853300
2026-07-24,COHR,306.0,308.0,280.91,282.39,282.39,3765800
2026-07-27,COHR,282.12,283.2,256.16,271.31,271.31,4637800
2026-07-28,COHR,257.28,257.33,228.23,243.33,243.33,8375000
2026-07-29,COHR,243.93,245.0,220.68,222.05,222.05,6900600
2026-07-30,COHR,243.4,250.59,239.3,249.06,249.06,6357000
2026-07-31,COHR,275.9,281.99,257.13,262.89,262.89,5475200
2026-08-03,COHR,254.86,293.04,248.47,288.14,288.14,5547900
2026-08-04,COHR,325.87,336.36,316.1,323.73,323.73,8958000
2026-08-05,COHR,319.4,347.66,319.4,328.22,328.22,5780900
2026-08-06,COHR,314.71,354.47,309.19,334.22,334.22,6037000
2026-08-07,COHR,360.02,391.37,353.15,379.13,379.13,11257200
2026-08-10,COHR,383.19,386.5,325.0,325.15,325.15,9845600
2026-08-11,COHR,323.86,332.0,315.4,328.57,328.57,6507100
2026-08-12,COHR,358.14,362.06,338.73,355.64,355.64,12452800
2026-08-13,COHR,344.88,361.99,325.27,327.23,327.23,13072500
2026-08-14,COHR,328.58,346.17,317.21,325.83,325.83,8757800
2026-08-17,COHR,333.52,362.32,330.24,351.22,351.22,8609600
2026-08-18,COHR,324.61,329.44,305.5,306.43,306.43,9644600
2026-08-19,COHR,309.11,312.0,284.75,287.47,287.47,7421700
2026-08-20,COHR,291.55,291.55,277.87,290.03,290.03,4979500
2026-08-21,COHR,296.98,303.99,283.41,289.52,289.52,6000800
2026-08-24,COHR,275.3,279.95,262.62,275.49,275.49,6919700
2026-08-25,COHR,287.15,291.71,281.32,288.14,288.14,4738900
2026-08-26,COHR,286.23,294.86,283.5,294.37,294.37,5468200
2026-08-27,COHR,303.68,307.49,291.02,295.39,295.39,4907600
2026-08-28,COHR,289.44,291.27,278.05,279.2,279.2,5240200
2026-08-31,COHR,280.25,281.99,275.12,277.83,277.83,5049000
2026-09-01,COHR,270.5,276.04,264.64,272.03,272.03,5509600
2026-09-02,COHR,268.12,272.5,263.67,268.64,268.64,4189500
2026-09-03,COHR,266.86,268.65,255.25,264.41,264.41,4212500
2026-09-04,COHR,269.69,283.85,264.1,281.86,281.86,5035800
2026-09-08,COHR,281.05,315.7,281.05,301.88,301.88,8701500
2026-09-09,COHR,301.86,313.33,301.86,303.48,303.48,5036100
2026-09-10,COHR,296.09,309.99,290.26,293.17,293.17,5638400
2026-09-11,COHR,303.18,312.68,292.51,305.37,305.37,7303900
2026-09-14,COHR,283.75,284.97,265.49,266.5,266.5,9939600
2026-09-15,COHR,271.15,279.5,269.34,271.17,271.17,4335400
2026-09-16,COHR,280.56,294.56,278.01,289.93,289.93,7543200
2026-09-17,COHR,302.91,312.42,290.1,295.98,295.98,6563300
2026-09-18,COHR,305.73,318.45,302.11,317.36,317.36,10161600
2026-09-21,COHR,326.48,332.86,316.64,321.52,321.52,7586500
2026-09-22,COHR,310.29,323.43,305.0,310.39,310.39,7469600
2026-09-23,COHR,312.12,312.24,298.47,300.6,300.6,5703000
2026-09-24,COHR,294.9,300.89,290.2,290.61,290.61,4995900
2026-09-25,COHR,297.92,301.77,290.28,295.83,295.83,4693700
2026-09-28,COHR,290.08,299.37,275.79,282.45,282.45,6885000
2026-09-29,COHR,289.93,302.72,285.85,292.21,292.21,5661500
2026-09-30,COHR,294.66,299.5,282.25,287.81,287.81,5354200
2026-10-01,COHR,290.0,323.23,286.42,319.19,319.19,11410900
2026-10-02,COHR,316.57,338.36,315.43,337.04,337.04,8653300
2025-10-06,AAOI,29.1,34.473,28.4,33.79,33.79,10810300
2025-10-07,AAOI,33.655,34.62,29.765,31.335,31.335,7945800
2025-10-08,AAOI,31.73,32.45,30.86,32.22,32.22,3170400
2025-10-09,AAOI,32.44,34.1,31.12,32.37,32.37,5021900
2025-10-10,AAOI,33.16,35.2,27.12,27.15,27.15,8797000
2025-10-13,AAOI,28.5,29.42,27.502,29.1,29.1,4528300
2025-10-14,AAOI,27.8,29.34,26.662,28.48,28.48,4114300
2025-10-15,AAOI,30.0,33.03,29.177,32.95,32.95,6786300
2025-10-16,AAOI,32.95,33.26,30.93,31.14,31.14,3988700
2025-10-17,AAOI,30.51,32.48,28.87,31.92,31.92,4668700
2025-10-20,AAOI,32.89,35.85,32.6,34.14,34.14,6475300
2025-10-21,AAOI,34.01,35.32,32.71,33.4,33.4,4134300
2025-10-22,AAOI,32.36,32.852,28.85,29.975,29.975,5269000
2025-10-23,AAOI,29.9,32.08,29.85,31.4,31.4,3943200
2025-10-24,AAOI,32.13,34.391,31.5,34.01,34.01,4461800
2025-10-27,AAOI,35.0,37.677,34.38,37.22,37.22,5328400
2025-10-28,AAOI,36.79,37.61,35.01,36.87,36.87,5313000
2025-10-29,AAOI,37.33,38.99,34.75,35.48,35.48,7001400
2025-10-30,AAOI,34.49,36.3,34.1,35.07,35.07,3590400
2025-10-31,AAOI,35.7,36.477,34.18,35.56,35.56,3960400
2025-11-03,AAOI,36.14,37.0,32.83,33.04,33.04,4695100
2025-11-04,AAOI,31.0,31.61,28.2,29.5,29.5,7716600
2025-11-05,AAOI,30.74,32.2,29.8,31.51,31.51,4930500
2025-11-06,AAOI,31.48,31.57,28.66,29.1,29.1,7338800
2025-11-07,AAOI,25.0,30.25,24.76,28.57,28.57,10118500
2025-11-10,AAOI,28.01,28.05,24.05,25.42,25.42,9309000
2025-11-11,AAOI,24.72,24.871,23.52,23.75,23.75,6066800
2025-11-12,AAOI,24.24,24.67,23.45,23.94,23.94,4482900
2025-11-13,AAOI,23.46,23.46,19.92,20.91,20.91,7722100
2025-11-14,AAOI,19.64,22.047,19.2,21.465,21.465,6607500
2025-11-17,AAOI,21.42,23.0,21.0,21.63,21.63,4845500
2025-11-18,AAOI,21.11,22.23,20.79,20.89,20.89,3114900
2025-11-19,AAOI,20.84,21.44,20.54,20.87,20.87,3414500
2025-11-20,AAOI,22.3,22.82,19.395,19.49,19.49,6354200
2025-11-21,AAOI,19.28,20.8,18.5,20.58,20.58,5955100
2025-11-24,AAOI,20.81,22.897,20.63,22.47,22.47,4393000
2025-11-25,AAOI,21.96,22.85,21.4,22.73,22.73,2357100
2025-11-26,AAOI,23.45,26.68,23.12,25.57,25.57,7543900
2025-11-28,AAOI,25.61,27.29,25.56,26.78,26.78,3588400
2025-12-01,AAOI,25.78,26.95,25.701,26.53,26.53,3694400
2025-12-02,AAOI,26.85,27.9,26.01,26.02,26.02,3471900
2025-12-03,AAOI,26.11,26.44,25.02,25.65,25.65,2817100
2025-12-04,AAOI,25.29,26.3,24.83,26.24,26.24,3492000
2025-12-05,AAOI,26.34,27.03,25.8,26.59,26.59,2879100
2025-12-08,AAOI,27.49,27.98,26.82,27.84,27.84,4119200
2025-12-09,AAOI,27.38,30.49,27.17,30.38,30.38,5810000
2025-12-10,AAOI,29.555,35.73,29.33,34.98,34.98,9850300
2025-12-11,AAOI,35.275,37.05,33.69,36.32,36.32,11948600
2025-12-12,AAOI,35.395,35.49,31.94,32.06,32.06,5436500
2025-12-15,AAOI,33.68,33.9,29.69,29.9,29.9,4421900
2025-12-16,AAOI,29.32,30.114,27.77,28.96,28.96,4068200
2025-12-17,AAOI,29.68,30.4,26.8,27.14,27.14,3400800
2025-12-18,AAOI,28.2,29.8,27.78,29.25,29.25,4536900
2025-12-19,AAOI,29.755,31.93,29.33,31.32,31.32,5123900
2025-12-22,AAOI,32.29,39.6,32.29,39.095,39.095,9773200
2025-12-23,AAOI,37.64,41.96,37.26,40.64,40.64,9343200
2025-12-24,AAOI,40.73,41.47,39.969,41.0,41.0,2370000
2025-12-26,AAOI,41.0,41.2,37.1,37.17,37.17,3825400
2025-12-29,AAOI,36.5,39.22,36.25,36.75,36.75,3743700
2025-12-30,AAOI,36.61,37.73,35.86,36.02,36.02,2312500
2025-12-31,AAOI,35.75,36.0,34.8,34.86,34.86,2744200
2026-01-02,AAOI,36.345,40.1,35.76,39.6,39.6,4857600
2026-01-05,AAOI,41.055,41.35,34.81,34.99,34.99,6609600
2026-01-06,AAOI,35.01,39.19,34.02,38.61,38.61,5061800
2026-01-07,AAOI,37.54,39.5,36.81,38.055,38.055,3814400
2026-01-08,AAOI,37.91,38.0,31.67,33.01,33.01,8578800
2026-01-09,AAOI,32.65,34.49,31.859,34.04,34.04,5546300
2026-01-12,AAOI,33.15,34.44,32.6,33.72,33.72,3848700
2026-01-13,AAOI,33.9,35.02,33.13,34.18,34.18,3169000
2026-01-14,AAOI,34.09,34.545,33.28,34.47,34.47,2088000
2026-01-15,AAOI,35.305,38.71,35.19,37.0,37.0,5691200
2026-01-16,AAOI,38.1,40.05,37.0,37.04,37.04,4257900
2026-01-20,AAOI,35.55,39.94,35.37,39.26,39.26,4089700
2026-01-21,AAOI,39.41,40.0,35.54,38.38,38.38,3450300
2026-01-22,AAOI,39.99,41.39,38.01,38.15,38.15,4269100
2026-01-23,AAOI,37.9,37.9,35.68,35.72,35.72,2976200
2026-01-26,AAOI,35.57,36.749,34.54,34.89,34.89,3243000
2026-01-27,AAOI,35.99,38.0,35.1,37.39,37.39,3134000
2026-01-28,AAOI,37.87,46.3,37.655,45.23,45.23,11717700
2026-01-29,AAOI,42.93,43.0,37.15,39.57,39.57,8572100
2026-01-30,AAOI,41.07,48.31,40.75,43.61,43.61,12001000
2026-02-02,AAOI,42.01,49.11,42.01,44.16,44.16,8889400
2026-02-03,AAOI,46.2,47.44,42.25,46.12,46.12,5659400
2026-02-04,AAOI,47.0,47.01,37.99,39.9,39.9,7206200
2026-02-05,AAOI,38.575,40.4,37.018,38.13,38.13,3848700
2026-02-06,AAOI,40.15,44.79,39.64,44.3,44.3,5410400
2026-02-09,AAOI,43.645,49.13,43.11,47.91,47.91,5961900
2026-02-10,AAOI,47.525,50.1,47.03,48.49,48.49,4352300
2026-02-11,AAOI,49.115,50.8,45.3,48.4,48.4,3537900
2026-02-12,AAOI,48.86,48.95,42.51,43.99,43.99,4200100
2026-02-13,AAOI,44.1,46.662,42.05,44.46,44.46,2745300
2026-02-17,AAOI,43.2,45.49,41.12,43.91,43.91,3326500
2026-02-18,AAOI,44.34,44.675,42.56,43.44,43.44,1858600
2026-02-19,AAOI,43.25,47.0,42.71,46.98,46.98,3208400
2026-02-20,AAOI,46.0,54.3,45.96,51.68,51.68,7979700
2026-02-23,AAOI,50.52,55.085,49.95,53.96,53.96,6239100
2026-02-24,AAOI,52.88,56.61,51.0,56.27,56.27,4197500
2026-02-25,AAOI,57.2,59.25,56.849,58.12,58.12,3649000
2026-02-26,AAOI,58.31,58.98,52.85,53.69,53.69,5508400
2026-02-27,AAOI,65.93,84.31,65.568,84.23,84.23,24886200
2026-03-02,AAOI,107.55,110.0,93.78,102.51,102.51,27112800
2026-03-03,AAOI,91.5,97.4,86.05,95.34,95.34,16983300
2026-03-04,AAOI,101.2,101.497,92.22,99.71,99.71,10474500
2026-03-05,AAOI,97.49,102.28,91.35,101.14,101.14,10217700
2026-03-06,AAOI,98.0,114.63,95.07,95.58,95.58,15240700
2026-03-09,AAOI,95.175,110.87,93.73,110.62,110.62,13838000
2026-03-10,AAOI,112.1,127.39,112.01,120.49,120.49,13617300
2026-03-11,AAOI,118.55,128.96,113.88,127.01,127.01,10310400
2026-03-12,AAOI,115.53,116.91,104.98,106.19,106.19,15398400
2026-03-13,AAOI,104.37,105.385,94.15,96.81,96.81,14962100
2026-03-16,AAOI,100.0,101.32,92.9,94.07,94.07,10815600
2026-03-17,AAOI,90.07,91.85,85.08,86.33,86.33,16650000
2026-03-18,AAOI,95.34,100.07,91.23,92.63,92.63,15330900
2026-03-19,AAOI,89.125,102.1,88.5,101.92,101.92,11294000
2026-03-20,AAOI,101.985,102.69,84.6,87.54,87.54,12205200
2026-03-23,AAOI,90.0,96.09,84.92,95.76,95.76,10729800
2026-03-24,AAOI,96.69,114.97,96.355,113.9,113.9,16895700
2026-03-25,AAOI,110.12,118.75,109.01,114.41,114.41,11313000
2026-03-26,AAOI,111.0,111.66,96.705,97.42,97.42,9617300
2026-03-27,AAOI,101.2,101.5,94.18,98.21,98.21,7600900
2026-03-30,AAOI,99.74,100.505,81.91,85.19,85.19,13584800
2026-03-31,AAOI,86.685,87.57,78.575,84.59,84.59,13094300
2026-04-01,AAOI,90.15,95.81,85.0,86.35,86.35,12788800
2026-04-02,AAOI,81.6,105.57,81.51,103.91,103.91,20043600
2026-04-06,AAOI,110.045,117.23,105.1,107.45,107.45,16994200
2026-04-07,AAOI,108.83,118.7,108.78,117.64,117.64,12271400
2026-04-08,AAOI,125.12,134.49,119.03,132.7,132.7,15028900
2026-04-09,AAOI,132.725,145.1,127.11,133.3,133.3,16929500
2026-04-10,AAOI,139.745,154.75,128.02,150.6,150.6,21901700
2026-04-13,AAOI,148.53,155.4,143.5,153.19,153.19,11023300
2026-04-14,AAOI,154.505,154.706,142.16,146.39,146.39,10767300
2026-04-15,AAOI,142.52,145.99,135.1,142.55,142.55,9638300
2026-04-16,AAOI,140.0,157.4,136.36,157.32,157.32,10688900
2026-04-17,AAOI,160.62,161.47,152.5,159.42,159.42,8713100
2026-04-20,AAOI,159.99,163.59,151.65,163.47,163.47,6711400
2026-04-21,AAOI,164.49,173.41,149.68,150.57,150.57,10314900
2026-04-22,AAOI,155.5,159.15,138.62,149.42,149.42,9839500
2026-04-23,AAOI,147.785,153.2,132.63,137.73,137.73,8143600
2026-04-24,AAOI,142.02,164.87,140.0,162.17,162.17,13924400
2026-04-27,AAOI,153.1,153.45,141.58,145.78,145.78,9442600
2026-04-28,AAOI,138.645,146.9,135.4,137.26,137.26,7158100
2026-04-29,AAOI,143.73,154.319,138.1,152.83,152.83,9604100
2026-04-30,AAOI,157.05,165.769,149.73,164.36,164.36,8838000
2026-05-01,AAOI,162.675,191.87,158.02,183.51,183.51,13196700
2026-05-04,AAOI,187.795,189.5,172.6,172.98,172.98,10179900
2026-05-05,AAOI,175.27,188.925,174.2,180.57,180.57,7984000
2026-05-06,AAOI,186.96,187.93,169.24,178.54,178.54,9107500
2026-05-07,AAOI,172.6,172.6,152.195,157.55,157.55,14494600
2026-05-08,AAOI,173.845,177.88,143.58,148.94,148.94,20778600
2026-05-11,AAOI,152.26,190.96,150.54,184.9,184.9,16660000
2026-05-12,AAOI,178.0,208.0,173.5,188.28,188.28,16391200
2026-05-13,AAOI,205.0,233.67,191.739,223.1,223.1,18450400
2026-05-14,AAOI,216.38,218.94,199.08,203.57,203.57,12104000
2026-05-15,AAOI,191.25,200.61,186.05,190.36,190.36,8467700
2026-05-18,AAOI,194.42,194.73,165.595,173.26,173.26,13219100
2026-05-19,AAOI,167.345,175.99,160.1,171.33,171.33,8980000
2026-05-20,AAOI,177.0,179.32,162.52,165.26,165.26,9784600
2026-05-21,AAOI,167.01,182.18,163.66,176.81,176.81,9868900
2026-05-22,AAOI,176.24,182.46,166.66,181.49,181.49,10301800
2026-05-26,AAOI,186.725,194.96,176.61,177.62,177.62,11319200
2026-05-27,AAOI,172.505,189.92,167.3,179.83,179.83,10258800
2026-05-28,AAOI,181.0,183.24,166.69,169.02,169.02,10018400
2026-05-29,AAOI,168.55,169.0,153.1,158.41,158.41,11922000
2026-06-01,AAOI,149.25,191.98,149.05,185.67,185.67,16045900
2026-06-02,AAOI,195.16,205.77,188.2,202.37,202.37,12724300
2026-06-03,AAOI,200.5,205.0,180.55,184.07,184.07,9948700
2026-06-04,AAOI,173.465,209.64,171.092,202.89,202.89,14528800
2026-06-05,AAOI,191.42,208.5,174.23,177.0,177.0,19828200
2026-06-08,AAOI,184.75,203.2,177.05,196.64,196.64,14905700
2026-06-09,AAOI,202.805,207.6,160.87,162.88,162.88,26968700
2026-06-10,AAOI,171.79,184.91,167.42,175.13,175.13,17040900
2026-06-11,AAOI,167.555,175.2,162.1,172.78,172.78,14448500
2026-06-12,AAOI,173.14,179.9,163.66,169.05,169.05,12686900
2026-06-15,AAOI,177.27,194.97,176.6,191.55,191.55,14611900
2026-06-16,AAOI,194.21,196.5,169.87,170.81,170.81,13109800
2026-06-17,AAOI,174.715,177.59,165.79,167.34,167.34,10005500
2026-06-18,AAOI,174.65,174.76,158.04,161.85,161.85,16726200
2026-06-22,AAOI,162.915,177.16,155.74,171.23,171.23,14536900
2026-06-23,AAOI,158.0,160.995,145.26,147.44,147.44,13591900
2026-06-24,AAOI,149.51,150.34,137.7,146.97,146.97,10609900
2026-06-25,AAOI,151.19,152.4,134.31,138.54,138.54,13301900
2026-06-26,AAOI,131.68,140.83,127.01,135.69,135.69,20188200
2026-06-29,AAOI,135.426,150.4,130.29,150.1,150.1,10321900
2026-06-30,AAOI,146.5,152.23,144.18,148.16,148.16,7492800
2026-07-01,AAOI,143.56,147.54,136.66,139.0,139.0,6477800
2026-07-02,AAOI,135.85,139.27,113.411,120.95,120.95,15986500
2026-07-06,AAOI,120.205,129.809,116.5,123.36,123.36,8121000
2026-07-07,AAOI,118.15,126.19,111.5,114.41,114.41,9265800
2026-07-08,AAOI,113.02,118.1,110.5,114.44,114.44,6289000
2026-07-09,AAOI,119.5,127.51,118.18,122.21,122.21,9211800
2026-07-10,AAOI,118.71,124.78,113.101,119.92,119.92,6738000
2026-07-13,AAOI,115.915,117.591,109.21,111.88,111.88,6599200
2026-07-14,AAOI,119.42,128.35,117.7,125.45,125.45,9987000
2026-07-15,AAOI,123.785,124.43,106.1,109.09,109.09,10324200
2026-07-16,AAOI,105.0,107.11,97.89,100.24,100.24,9966600
2026-07-17,AAOI,96.11,106.18,91.501,102.41,102.41,9637800
2026-07-20,AAOI,104.86,107.32,102.06,103.02,103.02,5163500
2026-07-21,AAOI,107.74,120.2,107.4,119.26,119.26,10284700
2026-07-22,AAOI,114.985,117.49,110.01,110.52,110.52,8073000
2026-07-23,AAOI,108.585,119.72,108.17,112.02,112.02,6288600
2026-07-24,AAOI,108.975,109.71,99.48,100.15,100.15,7103600
2026-07-27,AAOI,100.56,102.948,92.22,97.82,97.82,6662400
2026-07-28,AAOI,92.95,93.35,81.54,88.14,88.14,10840300
2026-07-29,AAOI,88.19,88.28,76.01,76.52,76.52,12204300
2026-07-30,AAOI,83.35,90.68,82.8,90.11,90.11,10949200
2026-07-31,AAOI,100.1,103.203,91.03,94.32,94.32,9739900
2026-08-03,AAOI,89.8,110.95,88.13,110.21,110.21,12055500
2026-08-04,AAOI,128.575,136.27,123.5,131.63,131.63,21013700
2026-08-05,AAOI,128.45,140.34,128.0,128.56,128.56,12480200
2026-08-06,AAOI,121.38,134.29,118.88,124.22,124.22,15377200
2026-08-07,AAOI,142.48,149.35,130.5,135.63,135.63,24102400
2026-08-10,AAOI,141.72,148.9,128.8,132.81,132.81,18508700
2026-08-11,AAOI,133.97,137.23,127.5,134.33,134.33,9211200
2026-08-12,AAOI,141.7,142.8,129.09,138.08,138.08,13189200
2026-08-13,AAOI,135.84,144.52,129.67,130.08,130.08,10700700
2026-08-14,AAOI,130.39,153.39,130.34,150.28,150.28,18775000
2026-08-17,AAOI,152.64,160.99,147.349,154.89,154.89,12904100
2026-08-18,AAOI,146.2,151.412,131.22,131.41,131.41,14651500
2026-08-19,AAOI,135.85,138.56,121.5,122.19,122.19,12346600
2026-08-20,AAOI,121.915,130.49,118.6,129.1,129.1,9518800
2026-08-21,AAOI,129.368,133.72,121.89,124.82,124.82,9748200
2026-08-24,AAOI,109.125,112.46,102.1,107.63,107.63,15016500
2026-08-25,AAOI,111.775,115.08,110.24,113.15,113.15,6735500
2026-08-26,AAOI,110.59,114.21,110.01,113.76,113.76,4878800
2026-08-27,AAOI,117.03,118.9,111.3,113.28,113.28,6254100
2026-08-28,AAOI,110.46,110.9,105.15,106.23,106.23,5716900
2026-08-31,AAOI,107.52,108.67,104.056,107.69,107.69,4609500
2026-09-01,AAOI,104.45,105.74,101.23,103.39,103.39,4893800
2026-09-02,AAOI,102.09,104.74,100.8,103.13,103.13,4092300
2026-09-03,AAOI,101.9,103.14,96.96,100.38,100.38,5918000
2026-09-04,AAOI,101.91,106.56,100.54,105.53,105.53,6840200
2026-09-08,AAOI,108.39,116.9,107.8,111.55,111.55,12081100
2026-09-09,AAOI,110.78,113.64,107.62,107.93,107.93,5977400
2026-09-10,AAOI,104.5,109.78,102.99,103.29,103.29,5703900
2026-09-11,AAOI,104.51,108.67,104.08,105.36,105.36,5001400
2026-09-14,AAOI,96.77,101.13,95.67,95.76,95.76,8519400
2026-09-15,AAOI,96.99,99.79,95.08,95.29,95.29,4598500
2026-09-16,AAOI,98.2,99.6,94.0,96.74,96.74,7101200
2026-09-17,AAOI,100.725,102.347,96.36,98.06,98.06,7819200
2026-09-18,AAOI,101.07,105.435,98.515,105.17,105.17,9920300
2026-09-21,AAOI,108.2,109.73,104.92,108.67,108.67,8161300
2026-09-22,AAOI,106.93,110.74,103.9,107.0,107.0,7480500
2026-09-23,AAOI,106.6,107.32,100.42,101.06,101.06,6601700
2026-09-24,AAOI,98.93,103.58,97.59,101.03,101.03,5551400
2026-09-25,AAOI,101.71,105.03,99.97,101.4,101.4,5511000
2026-09-28,AAOI,100.09,102.43,93.62,96.82,96.82,8195600
2026-09-29,AAOI,98.77,103.83,97.43,100.67,100.67,7288100
2026-09-30,AAOI,101.9,104.25,96.41,99.26,99.26,5827300
2026-10-01,AAOI,99.67,108.28,97.77,107.32,107.32,11307700
2026-10-02,AAOI,110.25,117.7,106.32,115.59,115.59,11027400
2025-10-06,GLW,84.11,86.1,83.81,85.34,84.6022,8678000
2025-10-07,GLW,85.47,86.23,83.81,85.06,84.3246,6733000
2025-10-08,GLW,85.27,87.07,84.76,87.07,86.3173,6088100
2025-10-09,GLW,87.15,87.75,86.13,87.19,86.4362,4536600
2025-10-10,GLW,87.39,87.78,82.96,82.98,82.2626,7898500
2025-10-13,GLW,85.11,86.63,84.8,85.5,84.7608,4957800
2025-10-14,GLW,84.28,85.91,83.61,84.61,83.8785,5195000
2025-10-15,GLW,86.06,87.43,85.47,86.62,85.8711,6427600
2025-10-16,GLW,86.87,87.41,85.34,86.72,85.9703,6501300
2025-10-17,GLW,86.25,86.54,83.69,84.49,83.7596,5940500
2025-10-20,GLW,85.23,86.03,84.83,85.28,84.5427,4859700
2025-10-21,GLW,85.6,86.45,84.59,86.05,85.3061,4992300
2025-10-22,GLW,86.07,87.34,83.08,84.14,83.4126,8440400
2025-10-23,GLW,84.0,86.38,83.92,85.84,85.0979,5404600
2025-10-24,GLW,87.0,87.76,86.44,87.41,86.6543,7284500
2025-10-27,GLW,88.63,89.77,88.15,89.37,88.5974,11801900
2025-10-28,GLW,84.31,87.25,83.11,86.43,85.6828,14455300
2025-10-29,GLW,87.35,91.93,86.5,90.29,89.5094,13123000
2025-10-30,GLW,88.81,91.79,88.5,90.28,89.4995,5411400
2025-10-31,GLW,91.25,92.57,87.91,89.08,88.3099,7547600
2025-11-03,GLW,89.66,89.89,87.19,87.5,86.7435,4938600
2025-11-04,GLW,85.5,86.08,84.72,85.21,84.4733,5601900
2025-11-05,GLW,85.54,88.12,85.5,87.1,86.347,5915300
2025-11-06,GLW,87.25,88.62,86.34,87.86,87.1004,6659900
2025-11-07,GLW,85.9,86.44,83.33,85.48,84.741,7430000
2025-11-10,GLW,87.85,88.82,86.8,88.56,87.7944,6733800
2025-11-11,GLW,87.61,88.47,86.95,87.93,87.1698,4083900
2025-11-12,GLW,88.9,90.62,88.39,89.01,88.2405,6927800
2025-11-13,GLW,88.4,88.73,81.33,82.36,81.648,11373700
2025-11-14,GLW,80.65,83.92,79.57,82.06,81.6281,9792200
2025-11-17,GLW,81.61,82.8,80.22,81.06,80.6333,7248000
2025-11-18,GLW,80.46,81.07,78.87,80.12,79.6983,6889700
2025-11-19,GLW,80.25,82.83,80.01,81.69,81.26,5412600
2025-11-20,GLW,84.25,84.59,77.49,78.03,77.6193,8332200
2025-11-21,GLW,78.56,80.06,77.39,79.46,79.0418,7037500
2025-11-24,GLW,80.05,82.75,80.02,82.6,82.1652,12117400
2025-11-25,GLW,82.38,83.34,80.27,82.95,82.5134,4467100
2025-11-26,GLW,83.62,84.35,82.82,83.6,83.16,3515900
2025-11-28,GLW,83.96,84.34,83.53,84.2,83.7568,1847500
2025-12-01,GLW,83.35,83.49,82.55,82.9,82.4637,3601300
2025-12-02,GLW,84.02,85.45,83.22,83.71,83.2694,4654400
2025-12-03,GLW,83.12,84.06,81.67,83.55,83.1102,4686200
2025-12-04,GLW,83.14,87.29,83.14,85.45,85.0002,8201900
2025-12-05,GLW,85.49,86.7,84.93,85.97,85.5175,5340800
2025-12-08,GLW,87.18,89.77,86.62,88.27,87.8054,6331900
2025-12-09,GLW,87.76,91.36,87.76,91.11,90.6304,7681600
2025-12-10,GLW,90.97,95.19,90.16,94.2,93.7042,11260900
2025-12-11,GLW,93.66,96.64,92.0,95.97,95.4649,8895200
2025-12-12,GLW,95.45,95.96,87.91,88.32,87.8551,9693400
2025-12-15,GLW,89.22,91.06,87.95,88.11,87.6462,6265800
2025-12-16,GLW,87.52,87.7,85.57,86.29,85.8358,4836100
2025-12-17,GLW,87.44,88.91,84.82,85.42,84.9704,6778900
2025-12-18,GLW,87.4,88.55,86.14,86.88,86.4227,5951600
2025-12-19,GLW,87.08,89.13,87.08,87.86,87.3976,14214800
2025-12-22,GLW,89.8,89.98,87.73,88.4,87.9347,4301300
2025-12-23,GLW,88.08,89.74,87.84,89.34,88.8698,3397500
2025-12-24,GLW,89.47,89.97,89.09,89.66,89.1881,1666600
2025-12-26,GLW,89.95,90.14,89.18,89.57,89.0985,2203200
2025-12-29,GLW,88.79,89.78,88.29,89.0,88.5316,2580400
2025-12-30,GLW,89.29,89.31,88.45,88.86,88.3923,2043900
2025-12-31,GLW,89.16,89.16,87.52,87.56,87.0991,3334000
2026-01-02,GLW,88.91,90.72,88.14,90.67,90.1928,4587000
2026-01-05,GLW,92.04,93.58,86.67,88.69,88.2232,9762200
2026-01-06,GLW,88.18,89.5,84.33,89.25,88.7802,6351500
2026-01-07,GLW,88.7,88.95,86.62,87.99,87.5269,4069900
2026-01-08,GLW,87.69,87.69,83.95,85.33,84.8809,5137700
2026-01-09,GLW,85.33,86.65,85.02,85.23,84.7814,6113300
2026-01-12,GLW,84.8,87.88,84.45,87.88,87.4174,5583900
2026-01-13,GLW,88.0,90.93,88.0,89.88,89.4069,4272300
2026-01-14,GLW,89.97,90.8,88.41,90.21,89.7352,4446000
2026-01-15,GLW,92.0,94.98,91.8,93.49,92.9979,5501300
2026-01-16,GLW,93.84,94.61,92.13,94.2,93.7042,7146600
2026-01-20,GLW,91.39,93.48,91.27,92.57,92.0828,4574600
2026-01-21,GLW,93.13,94.46,91.55,93.52,93.0278,3861000
2026-01-22,GLW,95.0,95.65,92.64,94.28,93.7838,5764100
2026-01-23,GLW,93.21,93.89,91.01,93.3,92.8089,4246800
2026-01-26,GLW,93.12,95.55,92.3,94.95,94.4502,5586200
2026-01-27,GLW,102.07,113.99,100.97,109.74,109.1624,25446500
2026-01-28,GLW,107.89,112.9,103.77,104.28,103.7311,18534400
2026-01-29,GLW,104.98,105.48,99.5,103.0,102.4579,11681800
2026-01-30,GLW,103.61,107.64,101.86,103.25,102.7065,13378700
2026-02-02,GLW,103.25,110.86,103.05,110.36,109.7791,11926300
2026-02-03,GLW,117.3,117.3,109.6,112.79,112.1963,11596900
2026-02-04,GLW,113.57,116.3,107.8,109.69,109.1127,12468300
2026-02-05,GLW,107.55,113.44,105.65,112.79,112.1963,9929700
2026-02-06,GLW,114.9,122.56,113.33,122.16,121.517,12151200
2026-02-09,GLW,124.0,132.32,123.8,131.39,130.6984,15696600
2026-02-10,GLW,129.01,132.5,127.79,128.1,127.4258,12712200
2026-02-11,GLW,131.35,134.39,126.83,132.9,132.2005,10030500
2026-02-12,GLW,133.31,136.83,131.4,131.5,130.8079,12282800
2026-02-13,GLW,130.41,133.61,124.8,133.46,132.7575,10952700
2026-02-17,GLW,131.87,133.78,128.41,130.52,129.833,12102600
2026-02-18,GLW,131.53,135.91,131.31,132.01,131.3152,8257500
2026-02-19,GLW,132.0,134.0,128.88,129.99,129.3058,9169400
2026-02-20,GLW,129.94,140.27,129.79,139.51,138.7757,10971200
2026-02-23,GLW,142.1,148.7,141.01,145.25,144.4855,18558800
2026-02-24,GLW,148.0,152.91,145.75,151.59,150.7921,15041600
2026-02-25,GLW,153.88,162.1,152.65,160.43,159.5856,17977200
2026-02-26,GLW,158.36,158.88,148.4,150.3,149.5089,17594700
2026-02-27,GLW,148.99,154.5,146.61,150.38,149.8677,14555400
2026-03-02,GLW,153.45,160.45,152.77,157.86,157.3222,15338500
2026-03-03,GLW,151.75,152.0,141.4,147.57,147.0672,14816800
2026-03-04,GLW,151.0,153.44,143.34,144.84,144.3465,12683900
2026-03-05,GLW,136.16,143.35,131.71,134.74,134.281,18285500
2026-03-06,GLW,129.44,132.08,122.38,123.29,122.87,19123600
2026-03-09,GLW,121.0,129.61,120.01,129.05,128.6104,15927600
2026-03-10,GLW,132.02,139.63,131.29,136.22,135.7559,16870600
2026-03-11,GLW,133.67,135.33,129.2,131.76,131.3111,13334300
2026-03-12,GLW,130.2,131.78,126.9,129.77,129.3279,8024000
2026-03-13,GLW,131.21,133.24,128.45,129.12,128.6801,6673400
2026-03-16,GLW,133.94,135.28,131.42,132.05,131.6001,9243400
2026-03-17,GLW,128.36,131.65,124.6,129.89,129.4475,10251100
2026-03-18,GLW,132.01,135.28,129.48,129.86,129.4176,10626000
2026-03-19,GLW,125.96,134.25,123.9,133.08,132.6266,11160100
2026-03-20,GLW,132.36,134.78,124.41,124.58,124.1556,22234000
2026-03-23,GLW,128.07,135.26,127.09,130.97,130.5238,13442400
2026-03-24,GLW,131.68,145.5,130.26,142.01,141.5262,21057200
2026-03-25,GLW,144.81,150.25,143.35,146.35,145.8514,13328300
2026-03-26,GLW,142.4,143.0,134.5,135.32,134.859,11263900
2026-03-27,GLW,135.41,140.1,134.04,136.81,136.3439,8489700
2026-03-30,GLW,140.79,141.89,126.68,128.55,128.112,14304100
2026-03-31,GLW,131.4,135.99,128.4,135.97,135.5068,10788000
2026-04-01,GLW,138.0,144.7,137.9,142.38,141.8949,12314400
2026-04-02,GLW,136.39,148.18,136.35,147.92,147.416,11564100
2026-04-06,GLW,147.41,149.4,141.72,146.5,146.0009,11943000
2026-04-07,GLW,142.48,148.9,141.49,148.52,148.014,7791400
2026-04-08,GLW,156.95,165.24,156.02,165.1,164.5375,15264300
2026-04-09,GLW,167.88,172.22,166.6,169.8,169.2215,11961300
2026-04-10,GLW,172.61,176.75,167.97,171.24,170.6566,9907900
2026-04-13,GLW,169.65,175.61,169.65,175.17,174.5732,7209900
2026-04-14,GLW,173.65,174.71,165.82,172.82,172.2312,9214100
2026-04-15,GLW,171.62,173.77,164.02,168.27,167.6967,8872900
2026-04-16,GLW,163.38,166.85,158.5,166.08,165.5142,13148900
2026-04-17,GLW,168.2,170.1,163.25,164.38,163.82,10349800
2026-04-20,GLW,166.08,168.59,162.51,165.38,164.8166,8571800
2026-04-21,GLW,166.46,170.27,163.81,165.45,164.8863,6942700
2026-04-22,GLW,168.0,172.95,163.07,168.76,168.185,7051500
2026-04-23,GLW,168.3,172.54,166.51,169.5,168.9225,5484800
2026-04-24,GLW,171.81,179.08,170.34,175.89,175.2908,10219100
2026-04-27,GLW,176.3,177.0,165.52,168.01,167.4376,11759700
2026-04-28,GLW,151.09,162.0,149.75,153.05,152.5286,20391600
2026-04-29,GLW,155.53,155.53,148.17,151.9,151.3825,13744800
2026-04-30,GLW,155.82,165.0,149.14,164.24,163.6805,12875900
2026-05-01,GLW,162.02,163.97,157.7,158.26,157.7208,7179600
2026-05-04,GLW,163.16,163.68,158.31,159.96,159.4151,8508500
2026-05-05,GLW,164.43,170.2,160.32,162.1,161.5477,12386700
2026-05-06,GLW,189.38,195.81,175.31,181.57,180.9514,32981100
2026-05-07,GLW,186.82,187.21,178.0,182.4,181.7786,20243100
2026-05-08,GLW,187.21,198.25,184.98,186.94,186.3031,20589400
2026-05-11,GLW,194.0,208.92,191.66,207.39,206.6834,22399700
2026-05-12,GLW,204.34,205.32,188.29,198.24,197.5646,23121800
2026-05-13,GLW,207.84,211.79,196.08,206.51,205.8064,15450500
2026-05-14,GLW,203.37,210.5,200.35,208.28,207.5704,10948500
2026-05-15,GLW,198.11,200.79,191.81,191.81,191.1565,17221500
2026-05-18,GLW,193.24,193.66,174.21,178.55,177.9417,16929200
2026-05-19,GLW,173.83,180.5,169.8,175.83,175.231,11507700
2026-05-20,GLW,180.69,184.23,178.23,180.69,180.0744,13838300
2026-05-21,GLW,182.0,193.75,179.5,191.89,191.2363,14408200
2026-05-22,GLW,194.35,194.98,189.34,194.05,193.3889,9630900
2026-05-26,GLW,198.9,199.93,191.2,196.17,195.5017,9069800
2026-05-27,GLW,196.0,196.6,185.3,190.89,190.2397,11071600
2026-05-28,GLW,192.17,195.23,182.34,182.97,182.3466,9719300
2026-05-29,GLW,184.08,184.08,174.5,181.16,180.8195,16945700
2026-06-01,GLW,176.11,178.84,172.43,176.7,176.3679,10897000
2026-06-02,GLW,186.5,201.55,186.0,200.4,200.0233,18152400
2026-06-03,GLW,201.0,208.57,195.7,200.76,200.3827,12294800
2026-06-04,GLW,192.76,199.8,183.8,197.7,197.3284,11424300
2026-06-05,GLW,189.38,190.11,174.3,177.58,177.2462,15676300
2026-06-08,GLW,192.9,192.9,185.0,187.54,187.1875,12013800
2026-06-09,GLW,190.41,190.41,166.0,173.94,173.6131,16673400
2026-06-10,GLW,173.66,178.48,166.68,168.17,167.8539,10595200
2026-06-11,GLW,169.5,177.31,168.24,176.55,176.2182,9891800
2026-06-12,GLW,178.0,180.77,173.41,179.2,178.8632,9305000
2026-06-15,GLW,187.47,190.0,185.23,187.88,187.5269,9190800
2026-06-16,GLW,187.39,187.95,176.2,177.42,177.0865,13482100
2026-06-17,GLW,179.04,180.82,172.75,175.4,175.0703,11093500
2026-06-18,GLW,182.33,196.02,181.2,194.92,194.5536,22778000
2026-06-22,GLW,200.48,212.39,196.0,209.83,209.4356,18574300
2026-06-23,GLW,192.45,194.81,186.6,194.07,193.7053,17968900
2026-06-24,GLW,194.42,217.09,190.93,205.83,205.4432,19233800
2026-06-25,GLW,218.55,230.5,213.02,228.01,227.5815,25620300
2026-06-26,GLW,224.43,226.0,207.73,221.05,220.6346,45397500
2026-06-29,GLW,226.9,258.8,215.13,255.69,255.2094,24307500
2026-06-30,GLW,252.49,271.78,250.5,255.43,254.9499,22702200
2026-07-01,GLW,239.5,240.87,218.11,220.63,220.2153,22393500
2026-07-02,GLW,223.89,224.01,193.54,196.79,196.4201,21142600
2026-07-06,GLW,199.11,206.99,193.16,194.8,194.4339,11938500
2026-07-07,GLW,187.03,191.0,178.4,185.38,185.0316,13482800
2026-07-08,GLW,183.42,188.86,180.54,184.03,183.6841,8371300
2026-07-09,GLW,201.75,204.48,192.15,192.38,192.0184,9939200
2026-07-10,GLW,189.54,192.77,186.4,190.89,190.5312,5357500
2026-07-13,GLW,185.25,189.07,178.66,183.11,182.7659,7620500
2026-07-14,GLW,192.98,193.71,186.05,187.64,187.2873,6966300
2026-07-15,GLW,186.6,187.07,167.09,174.41,174.0822,13357900
2026-07-16,GLW,166.58,167.5,154.43,158.39,158.0923,17706100
2026-07-17,GLW,150.83,158.38,146.94,154.61,154.3194,14221000
2026-07-20,GLW,157.86,160.54,152.59,153.1,152.8123,7826900
2026-07-21,GLW,161.3,164.5,156.6,162.41,162.1048,10182800
2026-07-22,GLW,157.0,161.45,153.88,154.06,153.7704,9996800
2026-07-23,GLW,152.26,160.98,152.24,156.06,155.7667,8954100
2026-07-24,GLW,154.77,157.4,145.93,146.65,146.3744,8965900
2026-07-27,GLW,145.75,148.69,136.31,143.36,143.0906,14036500
2026-07-28,GLW,121.75,126.1,114.5,126.01,125.7732,46223200
2026-07-29,GLW,126.3,130.87,122.62,124.05,123.8169,25603400
2026-07-30,GLW,130.42,136.09,130.0,135.22,134.9659,18987700
2026-07-31,GLW,143.79,147.0,138.23,138.25,137.9902,14523400
2026-08-03,GLW,134.89,147.94,132.89,146.64,146.3644,12618600
2026-08-04,GLW,155.0,162.49,150.85,159.89,159.5895,19442500
2026-08-05,GLW,156.24,162.6,155.85,156.7,156.4055,8877800
2026-08-06,GLW,153.25,164.34,150.73,157.18,156.8846,12305900
2026-08-07,GLW,162.89,170.43,161.16,165.68,165.3686,10740900
2026-08-10,GLW,167.89,167.89,157.68,157.76,157.4635,7678200
2026-08-11,GLW,159.75,161.79,158.22,159.19,158.8908,6070300
2026-08-12,GLW,168.8,169.95,164.21,167.44,167.1253,10086900
2026-08-13,GLW,166.0,168.24,157.91,158.54,158.242,8579100
2026-08-14,GLW,161.0,167.69,158.27,165.99,165.678,8319600
2026-08-17,GLW,169.74,176.94,166.68,173.21,172.8845,11381100
2026-08-18,GLW,161.65,168.06,157.9,159.9,159.5995,11032300
2026-08-19,GLW,160.63,161.16,150.7,152.46,152.1735,10637100
2026-08-20,GLW,152.26,154.06,149.25,151.45,151.1654,10582500
2026-08-21,GLW,153.85,155.48,148.05,149.84,149.5584,6179000
2026-08-24,GLW,145.86,146.39,141.63,145.55,145.2764,10336800
2026-08-25,GLW,150.81,150.81,146.25,147.16,146.8834,7148200
2026-08-26,GLW,147.0,152.93,146.95,152.78,152.4929,6239400
2026-08-27,GLW,153.97,157.57,149.43,152.8,152.5128,8190800
2026-08-28,GLW,150.99,152.67,148.06,148.98,148.7,6142100
2026-08-31,GLW,148.17,149.04,146.72,148.73,148.73,9540800
2026-09-01,GLW,144.25,147.09,143.29,145.56,145.56,10685000
2026-09-02,GLW,143.75,147.66,142.82,144.13,144.13,7863700
2026-09-03,GLW,143.07,146.33,139.25,146.0,146.0,8645100
2026-09-04,GLW,148.54,154.59,147.02,154.3,154.3,8554800
2026-09-08,GLW,159.24,169.73,158.84,165.96,165.96,13858800
2026-09-09,GLW,168.0,171.3,167.36,168.46,168.46,8510700
2026-09-10,GLW,164.33,168.49,162.88,163.12,163.12,5488100
2026-09-11,GLW,165.5,168.82,163.75,166.4,166.4,4893900
2026-09-14,GLW,150.65,154.25,142.77,143.6,143.6,17757400
2026-09-15,GLW,145.3,147.24,142.6,143.57,143.57,8015000
2026-09-16,GLW,147.22,147.86,142.35,144.16,144.16,8395800
2026-09-17,GLW,151.35,155.75,147.37,147.8,147.8,8467300
2026-09-18,GLW,152.0,153.77,148.68,150.13,150.13,14505700
2026-09-21,GLW,156.37,159.87,151.92,158.98,158.98,9263600
2026-09-22,GLW,157.23,160.71,155.13,159.69,159.69,6729100
2026-09-23,GLW,160.16,160.56,153.6,154.48,154.48,5549800
2026-09-24,GLW,150.51,156.36,149.6,154.15,154.15,5397500
2026-09-25,GLW,156.0,157.72,154.2,156.74,156.74,5634000
2026-09-28,GLW,154.26,155.66,149.26,151.59,151.59,7331100
2026-09-29,GLW,157.06,161.39,155.62,158.71,158.71,7592600
2026-09-30,GLW,158.5,160.47,152.68,153.76,153.76,6316700
2026-10-01,GLW,153.89,160.99,151.15,160.42,160.42,7893700
2026-10-02,GLW,164.0,165.14,159.5,164.19,164.19,7501300
2025-10-06,FN,373.62,380.38,362.9,370.29,370.29,483500
2025-10-07,FN,370.96,372.23,358.28,370.17,370.17,378700
2025-10-08,FN,371.36,383.79,369.68,383.43,383.43,275000
2025-10-09,FN,380.68,383.76,372.8,382.24,382.24,346000
2025-10-10,FN,384.72,384.72,361.19,361.94,361.94,602100
2025-10-13,FN,381.56,383.77,370.58,382.6,382.6,409900
2025-10-14,FN,371.0,379.93,366.49,375.24,375.24,256300
2025-10-15,FN,384.58,399.0,382.19,398.34,398.34,475700
2025-10-16,FN,412.03,432.0,409.17,412.46,412.46,896200
2025-10-17,FN,410.97,421.58,402.35,409.9,409.9,477700
2025-10-20,FN,415.0,418.48,406.88,407.55,407.55,451500
2025-10-21,FN,410.0,417.49,404.52,415.98,415.98,464800
2025-10-22,FN,406.78,421.21,386.05,400.24,400.24,674500
2025-10-23,FN,403.48,420.48,403.48,414.99,414.99,359500
2025-10-24,FN,425.0,428.8,416.19,421.0,421.0,802700
2025-10-27,FN,430.99,433.0,418.66,423.61,423.61,394900
2025-10-28,FN,428.7,441.02,418.01,437.56,437.56,518200
2025-10-29,FN,444.06,453.12,440.49,443.92,443.92,800500
2025-10-30,FN,436.48,444.41,433.58,438.0,438.0,576000
2025-10-31,FN,440.49,451.61,436.99,440.57,440.57,880500
2025-11-03,FN,446.91,450.62,435.0,443.0,443.0,1303200
2025-11-04,FN,460.0,498.0,436.0,459.6,459.6,1377800
2025-11-05,FN,460.85,491.38,460.35,486.91,486.91,846100
2025-11-06,FN,490.57,495.0,450.92,461.24,461.24,752000
2025-11-07,FN,445.0,449.24,433.0,449.13,449.13,720700
2025-11-10,FN,460.0,467.91,451.07,467.23,467.23,589800
2025-11-11,FN,458.74,459.69,440.83,449.29,449.29,535500
2025-11-12,FN,453.1,459.25,442.18,447.49,447.49,455700
2025-11-13,FN,440.05,442.7,395.69,402.47,402.47,941000
2025-11-14,FN,386.36,418.6,375.46,413.32,413.32,844900
2025-11-17,FN,415.0,426.8,405.0,416.64,416.64,519100
2025-11-18,FN,412.61,418.96,400.0,409.25,409.25,523600
2025-11-19,FN,412.04,426.75,410.54,416.69,416.69,469400
2025-11-20,FN,435.95,439.95,382.0,387.22,387.22,927900
2025-11-21,FN,388.07,393.48,370.91,390.46,390.46,752800
2025-11-24,FN,392.07,416.69,392.07,416.35,416.35,533300
2025-11-25,FN,411.75,431.12,403.19,429.69,429.69,738700
2025-11-26,FN,437.68,456.14,437.47,449.06,449.06,817900
2025-11-28,FN,450.93,459.42,446.01,459.41,459.41,275200
2025-12-01,FN,450.0,455.3,439.29,449.59,449.59,641700
2025-12-02,FN,455.4,465.3,438.81,441.58,441.58,499300
2025-12-03,FN,440.33,448.56,425.29,447.31,447.31,364200
2025-12-04,FN,445.1,473.01,445.1,471.78,471.78,464000
2025-12-05,FN,476.5,484.8,469.58,478.45,478.45,532000
2025-12-08,FN,483.02,492.96,479.87,491.03,491.03,524500
2025-12-09,FN,487.07,499.97,484.32,498.45,498.45,460100
2025-12-10,FN,496.05,527.0,485.42,516.63,516.63,702300
2025-12-11,FN,520.61,531.22,502.39,528.17,528.17,459600
2025-12-12,FN,519.93,522.61,463.01,470.89,470.89,726600
2025-12-15,FN,482.0,485.44,468.36,470.02,470.02,587700
2025-12-16,FN,467.17,471.38,443.73,451.16,451.16,611000
2025-12-17,FN,458.94,463.19,424.44,426.53,426.53,817800
2025-12-18,FN,451.17,454.0,429.29,452.46,452.46,761100
2025-12-19,FN,458.38,478.44,458.38,475.47,475.47,827400
2025-12-22,FN,486.72,487.27,476.0,483.55,483.55,467800
2025-12-23,FN,481.6,489.67,478.09,486.92,486.92,428900
2025-12-24,FN,486.78,487.11,477.2,481.74,481.74,175000
2025-12-26,FN,486.9,486.9,472.66,478.32,478.32,256000
2025-12-29,FN,469.75,480.82,464.0,472.08,472.08,323500
2025-12-30,FN,474.34,474.34,460.85,461.93,461.93,340100
2025-12-31,FN,464.01,466.64,454.17,455.28,455.28,376000
2026-01-02,FN,464.74,482.27,464.74,479.42,479.42,329200
2026-01-05,FN,488.42,492.18,438.91,456.9,456.9,778000
2026-01-06,FN,453.03,479.38,438.41,479.17,479.17,670300
2026-01-07,FN,471.41,482.32,453.33,470.5,470.5,625600
2026-01-08,FN,469.33,469.64,431.07,442.94,442.94,908800
2026-01-09,FN,440.23,449.99,436.0,447.23,447.23,583500
2026-01-12,FN,439.0,464.82,436.5,462.94,462.94,632800
2026-01-13,FN,464.6,506.48,464.6,489.0,489.0,924200
2026-01-14,FN,502.81,510.18,468.18,477.05,477.05,858300
2026-01-15,FN,501.65,511.2,493.34,497.58,497.58,709300
2026-01-16,FN,498.0,504.69,485.0,494.45,494.45,496800
2026-01-20,FN,477.93,502.77,475.85,482.56,482.56,409200
2026-01-21,FN,485.07,497.06,463.85,488.36,488.36,788300
2026-01-22,FN,503.3,509.0,465.0,470.39,470.39,661400
2026-01-23,FN,468.07,468.14,450.42,466.91,466.91,847300
2026-01-26,FN,464.11,476.33,458.09,474.12,474.12,619300
2026-01-27,FN,475.0,507.0,473.06,498.59,498.59,566600
2026-01-28,FN,502.97,519.0,484.17,501.0,501.0,521700
2026-01-29,FN,495.74,508.55,487.58,496.26,496.26,766900
2026-01-30,FN,501.78,528.8,484.67,489.44,489.44,808200
2026-02-02,FN,485.02,516.64,484.41,499.61,499.61,1092100
2026-02-03,FN,452.0,453.56,414.7,448.53,448.53,2274500
2026-02-04,FN,453.68,465.85,412.08,423.03,423.03,1293000
2026-02-05,FN,417.81,446.99,412.42,442.7,442.7,770200
2026-02-06,FN,460.0,509.77,456.5,503.99,503.99,1031800
2026-02-09,FN,504.0,512.38,485.84,501.89,501.89,767400
2026-02-10,FN,497.85,499.72,464.59,466.29,466.29,490400
2026-02-11,FN,482.23,489.2,458.07,465.53,465.53,514400
2026-02-12,FN,473.05,481.99,460.78,462.05,462.05,516500
2026-02-13,FN,472.0,504.03,464.0,495.55,495.55,592700
2026-02-17,FN,488.12,500.84,471.43,496.78,496.78,390500
2026-02-18,FN,496.24,527.18,493.62,505.78,505.78,568000
2026-02-19,FN,500.33,513.94,491.25,513.83,513.83,322100
2026-02-20,FN,510.81,557.6,510.81,546.13,546.13,773200
2026-02-23,FN,540.02,577.09,540.02,576.71,576.71,787300
2026-02-24,FN,585.26,608.28,582.0,585.87,585.87,627500
2026-02-25,FN,594.01,632.99,590.0,615.99,615.99,831600
2026-02-26,FN,614.9,618.0,560.48,562.44,562.44,1093800
2026-02-27,FN,549.67,554.0,531.68,545.63,545.63,867500
2026-03-02,FN,540.5,586.9,534.15,581.37,581.37,1172900
2026-03-03,FN,556.16,567.67,530.39,553.03,553.03,612100
2026-03-04,FN,568.51,576.28,550.01,563.87,563.87,487800
2026-03-05,FN,543.36,566.99,518.2,544.45,544.45,567800
2026-03-06,FN,521.02,537.18,485.0,489.38,489.38,608200
2026-03-09,FN,480.21,530.97,471.75,527.53,527.53,608400
2026-03-10,FN,534.8,564.12,534.5,543.02,543.02,796500
2026-03-11,FN,535.0,538.75,512.44,524.33,524.33,437400
2026-03-12,FN,509.64,521.24,489.3,512.8,512.8,496700
2026-03-13,FN,518.6,528.0,500.63,502.14,502.14,459300
2026-03-16,FN,517.65,531.89,510.0,512.82,512.82,490200
2026-03-17,FN,507.0,512.44,486.01,500.02,500.02,548800
2026-03-18,FN,506.8,514.85,495.0,500.43,500.43,601900
2026-03-19,FN,487.93,542.55,485.0,540.75,540.75,603000
2026-03-20,FN,538.49,538.65,495.18,506.27,506.27,1055500
2026-03-23,FN,518.74,550.95,505.25,546.47,546.47,813800
2026-03-24,FN,540.51,605.08,540.51,600.91,600.91,1199700
2026-03-25,FN,607.01,630.92,594.88,612.03,612.03,782400
2026-03-26,FN,592.34,595.5,548.14,549.7,549.7,605100
2026-03-27,FN,544.08,565.07,539.96,551.97,551.97,529400
2026-03-30,FN,558.87,560.75,490.34,491.88,491.88,792700
2026-03-31,FN,503.2,525.0,486.01,521.52,521.52,957600
2026-04-01,FN,531.46,548.99,523.19,534.98,534.98,597800
2026-04-02,FN,505.64,562.26,502.01,557.97,557.97,553500
2026-04-06,FN,556.19,574.42,543.79,554.35,554.35,367900
2026-04-07,FN,553.6,569.99,550.0,557.72,557.72,440100
2026-04-08,FN,599.48,626.65,593.0,610.18,610.18,959900
2026-04-09,FN,613.04,634.59,604.95,618.26,618.26,864300
2026-04-10,FN,632.95,679.57,617.3,662.13,662.13,1073200
2026-04-13,FN,657.25,694.88,648.65,689.89,689.89,667700
2026-04-14,FN,701.68,708.2,675.87,681.68,681.68,727400
2026-04-15,FN,681.75,700.49,666.54,685.81,685.81,555300
2026-04-16,FN,664.0,677.57,647.5,672.64,672.64,753400
2026-04-17,FN,685.18,703.94,676.83,689.89,689.89,565400
2026-04-20,FN,694.75,701.61,677.68,700.01,700.01,482200
2026-04-21,FN,710.51,732.12,690.02,695.52,695.52,582100
2026-04-22,FN,702.8,715.67,678.31,690.06,690.06,469600
2026-04-23,FN,691.41,721.18,681.0,689.46,689.46,633900
2026-04-24,FN,696.0,734.79,691.12,720.19,720.19,679200
2026-04-27,FN,720.0,733.0,670.26,684.76,684.76,760200
2026-04-28,FN,651.98,667.35,625.0,637.74,637.74,929800
2026-04-29,FN,646.8,654.54,631.0,643.46,643.46,484600
2026-04-30,FN,664.5,687.62,645.47,683.47,683.47,601000
2026-05-01,FN,680.0,714.04,670.52,706.53,706.53,477400
2026-05-04,FN,718.78,729.91,697.42,717.8,717.8,1090700
2026-05-05,FN,642.99,703.16,639.85,660.32,660.32,1846500
2026-05-06,FN,680.97,683.69,640.26,679.09,679.09,1088300
2026-05-07,FN,675.99,676.0,613.03,626.12,626.12,1405600
2026-05-08,FN,643.15,645.99,607.86,621.28,621.28,763500
2026-05-11,FN,619.41,666.57,618.63,649.53,649.53,981100
2026-05-12,FN,638.78,638.78,605.05,634.48,634.48,841000
2026-05-13,FN,652.2,708.09,640.0,696.07,696.07,1062200
2026-05-14,FN,707.35,748.89,681.51,746.47,746.47,842900
2026-05-15,FN,716.8,739.25,692.18,722.04,722.04,917700
2026-05-18,FN,717.0,717.0,654.0,700.26,700.26,1259900
2026-05-19,FN,673.6,693.06,643.95,677.75,677.75,770500
2026-05-20,FN,689.4,705.0,655.47,662.21,662.21,846200
2026-05-21,FN,666.52,703.4,660.23,703.27,703.27,618300
2026-05-22,FN,711.91,716.99,695.57,703.86,703.86,483900
2026-05-26,FN,720.0,720.99,673.0,680.77,680.77,720900
2026-05-27,FN,683.23,696.44,653.0,686.9,686.9,625200
2026-05-28,FN,694.91,694.91,649.57,667.95,667.95,660700
2026-05-29,FN,668.0,672.75,625.68,654.16,654.16,3473200
2026-06-01,FN,627.9,650.72,614.42,622.36,622.36,1046900
2026-06-02,FN,635.26,704.99,632.0,701.11,701.11,1075900
2026-06-03,FN,711.51,732.63,685.01,725.0,725.0,794600
2026-06-04,FN,684.83,724.56,640.51,714.78,714.78,831600
2026-06-05,FN,689.99,690.4,620.48,621.25,621.25,919500
2026-06-08,FN,646.44,658.0,620.03,623.71,623.71,742000
2026-06-09,FN,637.31,637.31,550.03,586.0,586.0,1017800
2026-06-10,FN,577.74,616.5,563.23,580.25,580.25,1152300
2026-06-11,FN,593.89,608.0,573.28,582.24,582.24,546600
2026-06-12,FN,585.97,617.99,583.01,611.01,611.01,655400
2026-06-15,FN,631.62,650.91,625.0,635.58,635.58,663400
2026-06-16,FN,639.77,639.77,586.56,588.03,588.03,701300
2026-06-17,FN,605.0,610.47,583.0,584.38,584.38,811100
2026-06-18,FN,600.0,604.0,563.79,573.76,573.76,1353600
2026-06-22,FN,577.72,625.14,571.0,617.09,617.09,806300
2026-06-23,FN,575.53,596.34,562.0,583.55,583.55,674500
2026-06-24,FN,575.97,591.73,555.0,568.17,568.17,938200
2026-06-25,FN,575.36,585.0,541.0,567.79,567.79,897800
2026-06-26,FN,550.8,554.15,520.56,524.79,524.79,7021200
2026-06-29,FN,535.0,542.18,503.68,528.23,528.23,982700
2026-06-30,FN,530.66,573.5,530.66,562.08,562.08,893800
2026-07-01,FN,543.79,556.11,528.0,547.18,547.18,684200
2026-07-02,FN,542.96,543.56,489.28,499.61,499.61,679600
2026-07-06,FN,505.0,521.41,498.42,500.75,500.75,787600
2026-07-07,FN,483.24,497.0,461.02,468.48,468.48,1030500
2026-07-08,FN,466.91,483.39,456.67,480.07,480.07,1019700
2026-07-09,FN,495.72,507.06,481.25,482.78,482.78,697900
2026-07-10,FN,476.51,484.34,462.05,471.13,471.13,616900
2026-07-13,FN,464.42,488.38,463.0,474.64,474.64,632100
2026-07-14,FN,490.93,502.9,477.02,482.78,482.78,619700
2026-07-15,FN,486.98,495.31,470.15,486.65,486.65,869900
2026-07-16,FN,475.0,480.67,457.04,460.19,460.19,656400
2026-07-17,FN,450.9,479.69,440.02,478.39,478.39,1062900
2026-07-20,FN,493.81,506.95,490.18,494.26,494.26,1076800
2026-07-21,FN,514.02,534.12,505.4,527.35,527.35,793900
2026-07-22,FN,510.34,527.42,510.34,513.67,513.67,413600
2026-07-23,FN,512.07,530.95,510.08,517.73,517.73,403700
2026-07-24,FN,510.84,512.0,474.0,476.04,476.04,575000
2026-07-27,FN,477.1,484.08,454.79,470.82,470.82,802000
2026-07-28,FN,453.09,456.0,429.48,449.72,449.72,1309900
2026-07-29,FN,446.15,449.4,403.62,414.5,414.5,812800
2026-07-30,FN,440.57,449.92,432.29,439.33,439.33,811700
2026-07-31,FN,458.8,467.98,432.7,435.41,435.41,885300
2026-08-03,FN,417.35,458.68,411.23,455.94,455.94,760500
2026-08-04,FN,525.0,542.88,505.0,531.03,531.03,1456100
2026-08-05,FN,522.22,545.52,511.23,522.22,522.22,564300
2026-08-06,FN,510.99,555.4,502.0,543.95,543.95,687200
2026-08-07,FN,563.0,579.47,554.47,562.38,562.38,719000
2026-08-10,FN,565.41,577.17,527.0,527.07,527.07,462000
2026-08-11,FN,533.3,536.06,520.76,525.88,525.88,609300
2026-08-12,FN,569.41,587.08,559.09,571.88,571.88,782100
2026-08-13,FN,564.21,590.76,564.21,566.49,566.49,692800
2026-08-14,FN,570.0,583.64,556.8,570.22,570.22,592400
2026-08-17,FN,583.15,603.09,576.5,598.58,598.58,1587300
2026-08-18,FN,513.7,520.0,467.83,482.59,482.59,3159300
2026-08-19,FN,496.22,496.95,448.79,454.55,454.55,1647300
2026-08-20,FN,453.21,457.0,437.12,444.87,444.87,1115100
2026-08-21,FN,449.69,449.9,424.97,436.67,436.67,1227900
2026-08-24,FN,428.63,429.28,413.68,421.14,421.14,1143200
2026-08-25,FN,430.0,434.0,423.87,431.54,431.54,817100
2026-08-26,FN,429.6,438.79,428.29,437.8,437.8,790400
2026-08-27,FN,449.68,453.94,425.81,432.71,432.71,1145100
2026-08-28,FN,425.42,428.1,412.57,414.36,414.36,731200
2026-08-31,FN,418.41,418.93,406.23,412.93,412.93,1001000
2026-09-01,FN,410.4,417.2,400.35,402.07,402.07,861200
2026-09-02,FN,399.0,399.76,391.34,395.35,395.35,778800
2026-09-03,FN,390.65,398.3,380.39,395.0,395.0,1050900
2026-09-04,FN,402.32,412.54,399.95,407.4,407.4,578300
2026-09-08,FN,412.95,428.5,412.5,416.31,416.31,816300
2026-09-09,FN,418.29,425.94,416.71,418.27,418.27,538200
2026-09-10,FN,408.44,414.9,402.39,403.95,403.95,625200
2026-09-11,FN,412.84,418.95,407.29,414.58,414.58,466900
2026-09-14,FN,390.1,397.41,381.68,382.55,382.55,897300
2026-09-15,FN,388.38,390.66,373.7,374.91,374.91,766700
2026-09-16,FN,383.5,400.75,382.0,392.68,392.68,810100
2026-09-17,FN,403.9,411.46,378.7,380.92,380.92,894500
2026-09-18,FN,387.0,395.0,384.02,388.55,388.55,1369700
2026-09-21,FN,402.13,405.7,393.13,401.57,401.57,667200
2026-09-22,FN,396.0,408.6,390.64,403.8,403.8,734800
2026-09-23,FN,405.75,406.49,395.23,400.85,400.85,566800
2026-09-24,FN,393.01,403.73,391.08,398.36,398.36,593400
2026-09-25,FN,406.0,419.63,401.58,417.39,417.39,743100
2026-09-28,FN,417.0,420.49,400.3,409.96,409.96,805300
2026-09-29,FN,418.15,424.62,411.42,424.12,424.12,755200
2026-09-30,FN,422.6,430.0,411.07,424.27,424.27,766700
2026-10-01,FN,420.41,452.99,418.79,451.44,451.44,959600
2026-10-02,FN,460.0,467.37,455.44,463.69,463.69,659700
2025-10-06,SMH,345.46,348.53,343.38,343.38,342.3148,10263200
2025-10-07,SMH,346.29,346.67,336.56,337.05,336.0045,9365700
2025-10-08,SMH,336.73,346.46,336.42,346.07,344.9965,7841500
2025-10-09,SMH,346.04,347.1,342.4,345.21,344.1392,5565500
2025-10-10,SMH,345.97,346.49,324.83,325.34,324.3308,18804500
2025-10-13,SMH,337.48,341.09,335.0,339.75,338.6961,11760200
2025-10-14,SMH,333.06,339.06,330.25,333.5,332.4655,7296700
2025-10-15,SMH,342.1,343.08,335.51,341.78,340.7198,8283800
2025-10-16,SMH,346.17,347.09,339.81,343.3,342.2351,9047500
2025-10-17,SMH,341.22,344.93,338.14,342.83,341.7665,8396300
2025-10-20,SMH,346.0,350.05,345.66,347.22,346.1429,6436900
2025-10-21,SMH,347.06,347.1,343.16,345.3,344.2289,4391800
2025-10-22,SMH,342.86,344.86,332.4,338.6,337.5497,8014200
2025-10-23,SMH,337.05,345.91,336.73,344.8,343.7304,6422600
2025-10-24,SMH,350.58,352.94,349.82,351.14,350.0508,5649300
2025-10-27,SMH,357.67,360.6,356.21,359.94,358.8235,6663400
2025-10-28,SMH,359.61,364.67,358.46,363.11,361.9836,5086000
2025-10-29,SMH,369.08,372.78,365.82,368.61,367.4666,8102600
2025-10-30,SMH,367.43,369.86,363.55,363.73,362.6017,6932700
2025-10-31,SMH,366.88,368.43,360.5,363.02,361.8939,4917900
2025-11-03,SMH,367.69,369.47,364.69,366.1,364.9644,4470500
2025-11-04,SMH,357.98,361.79,351.8,352.76,351.6658,8269000
2025-11-05,SMH,353.1,364.28,352.72,359.5,358.3849,8605400
2025-11-06,SMH,359.59,360.15,348.71,351.09,350.0009,9600500
2025-11-07,SMH,346.54,348.18,336.68,348.12,347.0402,14723200
2025-11-10,SMH,357.55,360.0,353.95,358.79,357.6771,9180700
2025-11-11,SMH,355.25,356.04,349.74,351.05,349.9611,7661200
2025-11-12,SMH,356.2,357.48,352.94,355.53,354.4272,5870700
2025-11-13,SMH,351.63,352.88,341.25,344.82,343.7504,10654800
2025-11-14,SMH,335.24,348.91,333.75,344.98,343.9099,12271200
2025-11-17,SMH,341.94,348.34,337.05,340.3,339.2444,6921300
2025-11-18,SMH,335.75,337.79,329.12,333.29,332.2562,12933100
2025-11-19,SMH,334.81,343.06,333.46,339.44,338.3871,9842300
2025-11-20,SMH,348.86,349.78,323.69,325.1,324.0916,14686700
2025-11-21,SMH,325.0,331.62,315.05,326.13,325.1184,17298700
2025-11-24,SMH,329.0,340.57,328.83,339.12,338.0681,10650900
2025-11-25,SMH,334.73,340.72,327.35,340.01,338.9553,12052700
2025-11-26,SMH,344.25,350.3,343.43,347.71,346.6314,5533300
2025-11-28,SMH,349.17,352.57,347.71,352.28,351.1873,3352700
2025-12-01,SMH,348.85,355.01,348.06,352.96,351.8651,3902000
2025-12-02,SMH,355.85,360.79,354.15,359.43,358.3151,6657900
2025-12-03,SMH,359.7,364.58,356.23,364.37,363.2397,4642700
2025-12-04,SMH,363.26,364.37,359.6,361.6,360.4783,3971800
2025-12-05,SMH,364.46,368.58,363.54,364.42,363.2896,3619200
2025-12-08,SMH,368.1,370.72,365.74,368.55,367.4068,4334300
2025-12-09,SMH,367.04,369.56,365.35,369.0,367.8554,3173300
2025-12-10,SMH,368.91,375.59,366.93,374.1,372.9396,5653300
2025-12-11,SMH,369.78,371.22,361.68,370.89,369.7395,7499900
2025-12-12,SMH,366.99,367.56,352.88,354.12,353.0215,12705900
2025-12-15,SMH,358.13,359.2,352.19,352.9,351.8053,5605800
2025-12-16,SMH,351.57,354.39,348.31,351.94,350.8483,5849200
2025-12-17,SMH,352.89,352.89,338.06,339.24,338.1877,10780400
2025-12-18,SMH,350.84,352.09,345.83,347.25,346.1729,8260200
2025-12-19,SMH,350.31,358.53,350.31,356.23,355.125,8838700
2025-12-22,SMH,362.41,362.48,357.77,359.7,359.7,4799500
2025-12-23,SMH,358.6,363.3,358.06,363.16,363.16,3542100
2025-12-24,SMH,362.7,364.54,362.15,364.17,364.17,1640500
2025-12-26,SMH,366.07,367.35,364.49,365.86,365.86,2921300
2025-12-29,SMH,362.66,365.82,360.82,364.21,364.21,4874400
2025-12-30,SMH,365.16,366.24,363.07,363.31,363.31,2927000
2025-12-31,SMH,364.83,365.57,360.07,360.13,360.13,2687300
2026-01-02,SMH,368.95,376.34,368.84,373.3,373.3,8972400
2026-01-05,SMH,381.72,383.99,376.94,377.59,377.59,9071300
2026-01-06,SMH,382.4,389.37,382.14,387.62,387.62,10201200
2026-01-07,SMH,385.2,387.81,383.59,385.02,385.02,6058900
2026-01-08,SMH,384.56,384.74,375.86,378.98,378.98,5724000
2026-01-09,SMH,382.28,390.88,380.08,389.22,389.22,6490800
2026-01-12,SMH,385.67,391.98,385.67,390.66,390.66,5532000
2026-01-13,SMH,392.27,396.1,390.38,391.53,391.53,5281600
2026-01-14,SMH,388.96,389.34,383.81,388.35,388.35,6696500
2026-01-15,SMH,401.07,403.62,396.12,396.41,396.41,9948100
2026-01-16,SMH,402.85,405.31,398.42,400.39,400.39,5485900
2026-01-20,SMH,393.16,397.16,389.43,390.39,390.39,7158500
2026-01-21,SMH,394.75,405.88,393.37,401.93,401.93,8754600
2026-01-22,SMH,408.18,408.73,401.57,402.82,402.82,5462600
2026-01-23,SMH,400.5,403.09,397.53,400.09,400.09,5869500
2026-01-26,SMH,398.4,400.74,396.22,398.82,398.82,4326900
2026-01-27,SMH,403.9,409.39,402.21,407.25,407.25,6145600
2026-01-28,SMH,415.34,418.49,413.13,416.63,416.63,7641900
2026-01-29,SMH,417.44,420.6,403.17,417.52,417.52,9352500
2026-01-30,SMH,411.28,416.64,400.58,403.46,403.46,9029000
2026-02-02,SMH,398.86,412.04,398.43,407.97,407.97,5946300
2026-02-03,SMH,411.03,412.58,390.52,397.68,397.68,12188600
2026-02-04,SMH,394.67,396.71,374.24,382.02,382.02,16908500
2026-02-05,SMH,379.14,388.08,375.56,381.07,381.07,12007800
2026-02-06,SMH,389.2,403.08,387.19,401.65,401.65,13460300
2026-02-09,SMH,398.91,409.69,397.0,406.65,406.65,5915200
2026-02-10,SMH,408.18,408.8,401.83,404.76,404.76,5645300
2026-02-11,SMH,413.84,418.08,406.36,414.78,414.78,6211200
2026-02-12,SMH,418.33,420.04,405.28,406.11,406.11,7379100
2026-02-13,SMH,408.15,412.07,402.49,407.72,407.72,6481600
2026-02-17,SMH,402.71,410.87,397.77,407.51,407.51,7312700
2026-02-18,SMH,411.44,417.04,408.72,412.55,412.55,5839900
2026-02-19,SMH,408.71,411.0,405.56,410.2,410.2,4056400
2026-02-20,SMH,407.66,416.83,407.18,415.03,415.03,5715800
2026-02-23,SMH,413.57,417.7,409.28,412.88,412.88,5842800
2026-02-24,SMH,417.22,421.67,411.67,419.16,419.16,7828900
2026-02-25,SMH,424.35,427.94,423.68,426.16,426.16,7714500
2026-02-26,SMH,423.72,423.72,405.56,412.01,412.01,14811300
2026-02-27,SMH,403.26,409.24,401.88,406.37,406.37,9049100
2026-03-02,SMH,397.25,407.36,396.92,406.39,406.39,11490200
2026-03-03,SMH,391.36,394.54,385.93,391.06,391.06,13768900
2026-03-04,SMH,396.25,401.23,393.1,399.1,399.1,8767200
2026-03-05,SMH,396.06,401.11,386.75,395.35,395.35,11793700
2026-03-06,SMH,384.97,392.67,378.53,380.56,380.56,12423200
2026-03-09,SMH,375.76,395.36,374.16,394.37,394.37,16338100
2026-03-10,SMH,394.0,403.88,394.0,397.33,397.33,13687700
2026-03-11,SMH,400.01,404.39,398.69,401.03,401.03,6024900
2026-03-12,SMH,395.46,396.06,386.74,388.13,388.13,9845200
2026-03-13,SMH,392.32,396.33,386.07,387.33,387.33,7636100
2026-03-16,SMH,395.14,399.48,392.64,393.92,393.92,10317600
2026-03-17,SMH,397.16,397.61,393.22,396.88,396.88,6646300
2026-03-18,SMH,396.96,399.69,393.47,393.67,393.67,8372400
2026-03-19,SMH,384.0,397.53,381.44,394.92,394.92,12674800
2026-03-20,SMH,394.11,395.73,380.87,384.74,384.74,12846800
2026-03-23,SMH,393.36,399.28,389.44,391.36,391.36,12742300
2026-03-24,SMH,388.03,396.88,387.62,394.59,394.59,6177200
2026-03-25,SMH,398.36,402.5,395.74,399.02,399.02,7388700
2026-03-26,SMH,391.92,392.68,380.3,380.84,380.84,14806200
2026-03-27,SMH,377.79,381.31,373.01,374.25,374.25,11811400
2026-03-30,SMH,377.62,379.24,359.86,362.53,362.53,12198200
2026-03-31,SMH,368.74,383.5,368.1,383.4,383.4,13834900
2026-04-01,SMH,388.26,396.63,386.38,391.97,391.97,10805400
2026-04-02,SMH,378.07,393.5,378.0,392.32,392.32,8505800
2026-04-06,SMH,393.75,397.1,391.9,395.98,395.98,4186100
2026-04-07,SMH,394.71,400.09,389.64,399.9,399.9,6672500
2026-04-08,SMH,423.16,424.99,414.99,422.92,422.92,10184300
2026-04-09,SMH,423.17,430.65,422.63,430.31,430.31,6018200
2026-04-10,SMH,434.45,441.54,434.45,436.88,436.88,11224200
2026-04-13,SMH,434.75,443.64,433.6,443.34,443.34,6549800
2026-04-14,SMH,448.0,452.1,444.24,452.0,452.0,6932400
2026-04-15,SMH,450.7,453.33,435.15,453.0,453.0,9155700
2026-04-16,SMH,450.73,457.09,447.77,454.8,454.8,6450700
2026-04-17,SMH,462.8,464.58,459.5,464.16,464.16,7184600
2026-04-20,SMH,464.64,465.74,458.65,463.96,463.96,3935100
2026-04-21,SMH,466.29,468.43,462.24,464.66,464.66,5598600
2026-04-22,SMH,471.05,477.42,467.17,476.83,476.83,7835200
2026-04-23,SMH,480.4,488.08,475.19,481.85,481.85,10619700
2026-04-24,SMH,499.51,509.59,495.46,506.44,506.44,12614300
2026-04-27,SMH,509.19,510.1,497.75,506.26,506.26,9040200
2026-04-28,SMH,488.19,496.66,483.29,491.21,491.21,12664800
2026-04-29,SMH,496.35,499.58,492.34,499.58,499.58,6007900
2026-04-30,SMH,504.71,507.79,495.02,506.72,506.72,8401600
2026-05-01,SMH,504.21,511.99,502.25,509.82,509.82,5308300
2026-05-04,SMH,512.47,513.15,501.15,506.79,506.79,6867500
2026-05-05,SMH,515.38,526.2,514.12,522.69,522.69,8624600
2026-05-06,SMH,537.77,549.88,532.35,549.76,549.76,15262900
2026-05-07,SMH,545.77,549.7,535.92,540.1,540.1,10905200
2026-05-08,SMH,551.58,566.79,549.0,566.54,566.54,8553700
2026-05-11,SMH,570.26,578.06,566.8,576.31,576.31,12680900
2026-05-12,SMH,565.01,570.4,542.67,561.25,561.25,17720800
2026-05-13,SMH,571.8,576.2,560.12,572.46,572.46,9586700
2026-05-14,SMH,570.84,581.17,567.75,578.34,578.34,8458700
2026-05-15,SMH,560.31,565.88,552.91,556.34,556.34,13009600
2026-05-18,SMH,565.48,567.21,536.87,546.16,546.16,12317500
2026-05-19,SMH,534.94,553.34,527.87,543.96,543.96,11905800
2026-05-20,SMH,552.75,564.72,551.65,564.66,564.66,8892200
2026-05-21,SMH,561.02,570.6,557.62,567.88,567.88,8293800
2026-05-22,SMH,574.27,582.5,572.86,576.32,576.32,7535000
2026-05-26,SMH,591.58,603.97,589.1,602.14,602.14,10008500
2026-05-27,SMH,611.94,612.3,584.93,595.5,595.5,11209000
2026-05-28,SMH,595.81,604.74,587.31,599.83,599.83,7625000
2026-05-29,SMH,606.03,611.79,597.12,598.93,598.93,7596100
2026-06-01,SMH,596.1,613.43,593.09,607.81,607.81,8649000
2026-06-02,SMH,619.6,632.57,614.47,632.21,632.21,8083500
2026-06-03,SMH,640.8,642.77,623.91,637.9,637.9,10179900
2026-06-04,SMH,613.0,634.78,604.61,627.53,627.53,10462900
2026-06-05,SMH,605.09,607.0,569.69,569.69,569.69,22038000
2026-06-08,SMH,597.21,606.2,588.54,598.16,598.16,13823900
2026-06-09,SMH,609.48,613.69,554.66,591.01,591.01,20329700
2026-06-10,SMH,580.76,598.73,568.29,570.91,570.91,12711400
2026-06-11,SMH,582.61,611.62,581.61,609.45,609.45,12196800
2026-06-12,SMH,607.95,624.62,602.21,619.96,619.96,8963300
2026-06-15,SMH,643.5,649.24,639.25,647.1,647.1,9613900
2026-06-16,SMH,643.52,648.31,616.0,616.0,616.0,10949600
2026-06-17,SMH,633.46,643.5,623.13,623.97,623.97,10658800
2026-06-18,SMH,648.55,663.8,648.15,659.88,659.88,11229700
2026-06-22,SMH,670.35,671.83,660.02,668.91,668.91,8043000
2026-06-23,SMH,625.93,636.88,617.27,622.05,622.05,19126000
2026-06-24,SMH,622.28,625.23,606.23,618.92,618.92,11902000
2026-06-25,SMH,649.37,650.03,613.93,636.88,636.88,14877600
2026-06-26,SMH,616.79,621.71,609.0,611.61,611.61,12728300
2026-06-29,SMH,615.03,633.26,596.17,631.98,631.98,10473900
2026-06-30,SMH,636.07,659.74,634.6,655.89,655.89,9406900
2026-07-01,SMH,634.35,639.89,618.62,620.46,620.46,13424700
2026-07-02,SMH,622.58,627.7,582.6,592.29,592.29,21288600
2026-07-06,SMH,607.05,618.21,604.05,604.3,604.3,9820700
2026-07-07,SMH,580.02,585.97,566.83,581.45,581.45,14619200
2026-07-08,SMH,575.33,595.0,575.04,593.0,593.0,9521300
2026-07-09,SMH,615.48,618.17,604.7,607.73,607.73,9045100
2026-07-10,SMH,600.87,615.05,595.84,611.03,611.03,6608400
2026-07-13,SMH,598.01,599.36,583.09,585.62,585.62,8736500
2026-07-14,SMH,608.9,608.9,590.38,600.31,600.31,7581100
2026-07-15,SMH,606.88,606.88,573.72,590.77,590.77,11020800
2026-07-16,SMH,575.75,581.84,564.45,568.92,568.92,12353300
2026-07-17,SMH,547.94,567.41,536.81,556.53,556.53,22083900
2026-07-20,SMH,568.78,572.77,557.24,558.83,558.83,6962600
2026-07-21,SMH,580.96,586.0,572.05,584.08,584.08,7129800
2026-07-22,SMH,571.35,592.01,571.35,586.91,586.91,5249700
2026-07-23,SMH,577.2,586.89,574.0,580.17,580.17,7963200
2026-07-24,SMH,574.43,578.52,556.49,561.19,561.19,19156400
2026-07-27,SMH,565.94,567.62,535.31,548.55,548.55,38682200
2026-07-28,SMH,531.65,535.94,518.25,529.6,529.6,18429000
2026-07-29,SMH,525.99,532.17,503.63,504.22,504.22,19440900
2026-07-30,SMH,529.86,544.64,524.56,538.9,538.9,14175000
2026-07-31,SMH,557.5,561.44,535.24,540.53,540.53,14673900
2026-08-03,SMH,530.43,548.49,524.77,545.46,545.46,7283800
2026-08-04,SMH,564.29,578.63,562.28,575.71,575.71,9566200
2026-08-05,SMH,574.41,585.0,568.38,569.7,569.7,6209400
2026-08-06,SMH,565.48,580.43,559.56,571.48,571.48,6231700
2026-08-07,SMH,583.58,586.09,572.32,582.7,582.7,6505000
2026-08-10,SMH,585.99,586.24,569.2,569.41,569.41,6476700
2026-08-11,SMH,578.57,578.6,569.17,572.93,572.93,5029000
2026-08-12,SMH,590.55,590.57,583.79,584.83,584.83,7414100
2026-08-13,SMH,586.38,597.95,585.01,589.12,589.12,6786000
2026-08-14,SMH,587.51,590.33,581.87,587.82,587.82,5524300
2026-08-17,SMH,593.72,600.37,591.5,594.07,594.07,7700500
2026-08-18,SMH,574.36,577.76,562.63,569.77,569.77,11364400
2026-08-19,SMH,575.06,576.84,556.32,560.92,560.92,8713300
2026-08-20,SMH,559.38,566.0,557.26,562.65,562.65,6240600
2026-08-21,SMH,569.44,569.44,556.1,560.42,560.42,9619300
2026-08-24,SMH,554.18,554.18,540.75,546.8,546.8,7743300
2026-08-25,SMH,555.38,560.38,550.66,555.82,555.82,6038900
2026-08-26,SMH,554.47,557.78,550.54,555.77,555.77,3865000
2026-08-27,SMH,569.37,573.21,562.54,573.0,573.0,6562500
2026-08-28,SMH,568.72,570.12,552.3,553.11,553.11,6461800
2026-08-31,SMH,554.38,558.43,552.79,556.63,556.63,4317100
2026-09-01,SMH,546.48,549.88,540.85,545.22,545.22,6195100
2026-09-02,SMH,545.23,553.19,541.72,550.48,550.48,5127100
2026-09-03,SMH,546.77,553.74,540.07,552.6,552.6,5623500
2026-09-04,SMH,560.5,569.4,557.72,567.01,567.01,9451200
2026-09-08,SMH,578.7,580.57,572.0,573.73,573.73,8300300
2026-09-09,SMH,569.9,577.57,569.9,574.29,574.29,3458300
2026-09-10,SMH,561.54,565.15,557.09,560.28,560.28,6621000
2026-09-11,SMH,568.83,572.8,564.0,568.53,568.53,5199300
2026-09-14,SMH,539.99,546.76,537.73,541.5,541.5,10627900
2026-09-15,SMH,546.57,548.19,540.11,542.11,542.11,6113700
2026-09-16,SMH,549.95,553.17,540.45,545.56,545.56,5998800
2026-09-17,SMH,560.1,561.77,557.56,560.61,560.61,6164200
2026-09-18,SMH,562.88,580.81,562.75,573.0,573.0,6296500
2026-09-21,SMH,581.9,598.62,578.51,596.03,596.03,9886000
2026-09-22,SMH,591.67,608.67,591.01,607.46,607.46,6631100
2026-09-23,SMH,604.39,606.29,593.79,601.41,601.41,6116400
2026-09-24,SMH,591.62,602.03,588.92,600.52,600.52,5645400
2026-09-25,SMH,605.57,609.66,602.22,606.56,606.56,4656600
2026-09-28,SMH,605.29,607.95,591.92,600.01,600.01,5823900
2026-09-29,SMH,609.0,613.27,604.99,606.9,606.9,5671500
2026-09-30,SMH,609.76,611.95,606.01,609.0,609.0,4423600
2026-10-01,SMH,610.88,620.91,607.25,617.81,617.81,5105000
2026-10-02,SMH,632.27,636.25,628.55,630.6,630.6,7324900
2025-10-06,^SOX,6852.7202,6881.9102,6773.2598,6774.0601,6774.0601,0
2025-10-07,^SOX,6837.6699,6847.5098,6622.6299,6634.7598,6634.7598,0
2025-10-08,^SOX,6625.29,6867.0898,6624.0698,6860.2002,6860.2002,0
2025-10-09,^SOX,6845.3901,6869.0801,6776.8301,6840.2002,6840.2002,0
2025-10-10,^SOX,6853.4302,6867.8599,6403.2402,6407.6001,6407.6001,0
2025-10-13,^SOX,6662.8901,6742.3701,6612.8799,6723.4702,6723.4702,0
2025-10-14,^SOX,6582.3301,6706.4502,6532.7402,6570.3301,6570.3301,0
2025-10-15,^SOX,6723.0098,6780.73,6632.1401,6767.0601,6767.0601,0
2025-10-16,^SOX,6848.2202,6880.5698,6727.96,6800.02,6800.02,0
2025-10-17,^SOX,6742.0298,6812.2798,6673.5801,6777.98,6777.98,0
2025-10-20,^SOX,6858.6299,6935.6499,6855.1802,6885.0298,6885.0298,0
2025-10-21,^SOX,6864.2402,6875.73,6793.1201,6839.27,6839.27,0
2025-10-22,^SOX,6764.4399,6819.8398,6547.3701,6677.5698,6677.5698,0
2025-10-23,^SOX,6648.3301,6861.46,6648.3301,6847.3901,6847.3901,0
2025-10-24,^SOX,6970.1602,7021.3799,6961.1602,6976.9399,6976.9399,0
2025-10-27,^SOX,7103.5601,7175.5298,7083.1001,7167.98,7167.98,0
2025-10-28,^SOX,7158.1602,7223.77,7136.3799,7194.71,7194.71,0
2025-10-29,^SOX,7342.54,7392.6401,7257.8198,7327.9302,7327.9302,0
2025-10-30,^SOX,7283.0898,7351.0498,7213.3999,7216.0,7216.0,0
2025-10-31,^SOX,7284.3301,7345.9102,7171.7402,7228.6602,7228.6602,0
2025-11-03,^SOX,7342.7998,7353.6299,7248.6899,7270.9702,7270.9702,0
2025-11-04,^SOX,7074.4502,7190.5898,6972.3701,6979.5698,6979.5698,0
2025-11-05,^SOX,7024.2798,7277.8198,7022.9502,7190.27,7190.27,0
2025-11-06,^SOX,7195.23,7226.0601,6974.1201,7018.3901,7018.3901,0
2025-11-07,^SOX,6917.75,6949.1499,6688.8398,6947.3599,6947.3599,0
2025-11-10,^SOX,7136.6602,7178.3501,7066.48,7156.9502,7156.9502,0
2025-11-11,^SOX,7077.3799,7099.8101,6965.7598,6979.7002,6979.7002,0
2025-11-12,^SOX,7112.1602,7130.5498,7035.27,7082.1299,7082.1299,0
2025-11-13,^SOX,7003.1699,7008.4399,6750.1201,6818.7402,6818.7402,0
2025-11-14,^SOX,6634.9399,6911.9199,6587.8398,6811.2002,6811.2002,0
2025-11-17,^SOX,6756.5601,6886.6299,6631.3198,6705.7402,6705.7402,0
2025-11-18,^SOX,6622.0098,6651.5898,6479.6802,6551.0298,6551.0298,0
2025-11-19,^SOX,6577.2798,6751.8198,6552.9702,6670.0298,6670.0298,0
2025-11-20,^SOX,6863.1201,6882.9902,6327.79,6352.0698,6352.0698,0
2025-11-21,^SOX,6351.0498,6505.8799,6160.0498,6406.4302,6406.4302,0
2025-11-24,^SOX,6494.8599,6733.0298,6475.3901,6703.2002,6703.2002,0
2025-11-25,^SOX,6617.1401,6730.96,6457.2998,6714.1802,6714.1802,0
2025-11-26,^SOX,6801.5498,6958.9302,6790.2798,6899.46,6899.46,0
2025-11-28,^SOX,6926.9102,7028.1401,6907.7998,7025.1499,7025.1499,0
2025-12-01,^SOX,6945.2002,7081.1201,6920.6699,7020.5298,7020.5298,0
2025-12-02,^SOX,7098.6099,7211.1401,7057.3101,7149.4702,7149.4702,0
2025-12-03,^SOX,7164.8198,7284.3599,7099.8101,7280.5098,7280.5098,0
2025-12-04,^SOX,7238.73,7267.3599,7180.7798,7215.9702,7215.9702,0
2025-12-05,^SOX,7303.0601,7377.2998,7282.29,7294.8398,7294.8398,0
2025-12-08,^SOX,7358.1602,7410.5,7302.7002,7375.2202,7375.2202,0
2025-12-09,^SOX,7325.8301,7386.4502,7299.96,7372.5098,7372.5098,0
2025-12-10,^SOX,7369.73,7490.2798,7333.46,7467.4902,7467.4902,0
2025-12-11,^SOX,7353.0801,7419.6201,7208.23,7411.48,7411.48,0
2025-12-12,^SOX,7297.8501,7331.3799,7003.3999,7033.5698,7033.5698,0
2025-12-15,^SOX,7096.27,7125.96,6971.3999,6990.4102,6990.4102,0
2025-12-16,^SOX,6977.8999,7019.1099,6888.6201,6958.4399,6958.4399,0
2025-12-17,^SOX,6993.1001,7005.0801,6680.6802,6695.3101,6695.3101,0
2025-12-18,^SOX,6938.9199,6970.1899,6831.73,6863.6299,6863.6299,0
2025-12-19,^SOX,6942.46,7095.0098,6942.46,7067.8701,7067.8701,0
2025-12-22,^SOX,7204.02,7206.3901,7120.04,7145.5698,7145.5698,0
2025-12-23,^SOX,7118.3901,7186.3901,7091.46,7184.54,7184.54,0
2025-12-24,^SOX,7191.7202,7212.5498,7173.27,7204.3701,7204.3701,0
2025-12-26,^SOX,7229.6602,7233.0601,7188.5801,7207.6401,7207.6401,0
2025-12-29,^SOX,7116.1499,7205.2202,7098.77,7178.27,7178.27,0
2025-12-30,^SOX,7206.0498,7229.7598,7167.02,7169.1001,7169.1001,0
2025-12-31,^SOX,7184.8501,7193.5,7082.6499,7083.1299,7083.1299,0
2026-01-02,^SOX,7288.6699,7418.25,7286.3398,7367.4702,7367.4702,0
2026-01-05,^SOX,7570.4399,7577.2798,7415.7002,7446.4502,7446.4502,0
2026-01-06,^SOX,7542.6099,7665.77,7521.9502,7650.9302,7650.9302,0
2026-01-07,^SOX,7554.7798,7601.0601,7512.8599,7574.8701,7574.8701,0
2026-01-08,^SOX,7543.25,7548.3101,7372.79,7436.1001,7436.1001,0
2026-01-09,^SOX,7471.3301,7678.8901,7467.8301,7638.7798,7638.7798,0
2026-01-12,^SOX,7574.2402,7703.1401,7568.0698,7674.8398,7674.8398,0
2026-01-13,^SOX,7725.0801,7825.8799,7715.8799,7747.9902,7747.9902,0
2026-01-14,^SOX,7688.5,7707.3799,7598.5098,7701.4702,7701.4702,0
2026-01-15,^SOX,7960.96,7998.1201,7833.9502,7837.2998,7837.2998,0
2026-01-16,^SOX,7972.8701,8008.46,7885.9102,7927.4102,7927.4102,0
2026-01-20,^SOX,7807.8901,7931.9302,7767.48,7794.1899,7794.1899,0
2026-01-21,^SOX,7909.5698,8113.6602,7869.7202,8042.0698,8042.0698,0
2026-01-22,^SOX,8186.9702,8188.1602,8032.3999,8055.1699,8055.1699,0
2026-01-23,^SOX,8024.21,8032.1899,7905.1401,7957.9302,7957.9302,0
2026-01-26,^SOX,7917.23,7982.9302,7881.4399,7927.04,7927.04,0
2026-01-27,^SOX,8030.3999,8157.3501,8009.5098,8117.1802,8117.1802,0
2026-01-28,^SOX,8287.46,8341.8398,8227.5098,8306.7402,8306.7402,0
2026-01-29,^SOX,8340.04,8386.9805,8020.9399,8320.3896,8320.3896,0
2026-01-30,^SOX,8206.3203,8309.96,7947.8999,7998.4702,7998.4702,0
2026-02-02,^SOX,7955.1201,8215.4004,7954.7402,8134.4902,8134.4902,0
2026-02-03,^SOX,8203.0303,8239.6396,7796.46,7966.3301,7966.3301,0
2026-02-04,^SOX,7863.1299,7955.5,7461.7402,7619.1602,7619.1602,0
2026-02-05,^SOX,7531.9199,7727.29,7473.8501,7614.6401,7614.6401,0
2026-02-06,^SOX,7762.1099,8071.4902,7752.54,8048.6201,8048.6201,0
2026-02-09,^SOX,7991.1802,8209.6201,7948.5298,8162.5801,8162.5801,0
2026-02-10,^SOX,8191.6099,8197.9199,8051.9102,8107.1299,8107.1299,0
2026-02-11,^SOX,8263.1797,8345.6904,8100.5801,8291.8604,8291.8604,0
2026-02-12,^SOX,8358.0801,8400.0195,8079.79,8084.7002,8084.7002,0
2026-02-13,^SOX,8090.3301,8209.3096,8010.2598,8137.8599,8137.8599,0
2026-02-17,^SOX,8021.9902,8210.5195,7926.98,8136.0498,8136.0498,0
2026-02-18,^SOX,8170.2798,8303.3203,8137.5,8214.3496,8214.3496,0
2026-02-19,^SOX,8133.2402,8182.3999,8076.7598,8173.2998,8173.2998,0
2026-02-20,^SOX,8109.04,8308.2695,8106.04,8260.4199,8260.4199,0
2026-02-23,^SOX,8248.4404,8291.3896,8124.2798,8213.46,8213.46,0
2026-02-24,^SOX,8314.7402,8387.6299,8225.7197,8332.3398,8332.3398,0
2026-02-25,^SOX,8442.8496,8498.0996,8418.5098,8467.4297,8467.4297,0
2026-02-26,^SOX,8402.9805,8422.1504,8062.1099,8197.2598,8197.2598,0
2026-02-27,^SOX,8036.8398,8139.9902,8009.25,8098.3701,8098.3701,0
2026-03-02,^SOX,7919.8701,8144.2998,7908.7598,8137.3599,8137.3599,0
2026-03-03,^SOX,7806.2998,7855.9199,7673.0801,7764.8799,7764.8799,0
2026-03-04,^SOX,7891.2798,7959.8501,7807.2598,7914.48,7914.48,0
2026-03-05,^SOX,7875.9399,7965.3101,7660.7002,7821.7598,7821.7598,0
2026-03-06,^SOX,7627.6802,7776.7202,7466.4702,7514.7402,7514.7402,0
2026-03-09,^SOX,7388.3301,7826.4902,7363.1699,7810.3999,7810.3999,0
2026-03-10,^SOX,7846.5298,8017.0601,7831.1099,7865.1201,7865.1201,0
2026-03-11,^SOX,7918.2798,8002.9399,7881.1699,7914.5698,7914.5698,0
2026-03-12,^SOX,7771.4902,7805.25,7612.8701,7643.1699,7643.1699,0
2026-03-13,^SOX,7744.0098,7818.9902,7617.98,7646.6401,7646.6401,0
2026-03-16,^SOX,7846.29,7896.77,7762.0601,7796.2402,7796.2402,0
2026-03-17,^SOX,7828.77,7866.5898,7763.8701,7836.8301,7836.8301,0
2026-03-18,^SOX,7883.1299,7913.7002,7794.2598,7795.1299,7795.1299,0
2026-03-19,^SOX,7561.7998,7913.3501,7548.5,7863.2998,7863.2998,0
2026-03-20,^SOX,7862.6602,7880.8101,7572.0801,7670.6099,7670.6099,0
2026-03-23,^SOX,7825.8398,7958.0,7734.4199,7773.1299,7773.1299,0
2026-03-24,^SOX,7732.7798,7924.4102,7709.48,7872.71,7872.71,0
2026-03-25,^SOX,7935.73,8025.6499,7896.2402,7967.75,7967.75,0
2026-03-26,^SOX,7823.77,7831.7598,7582.8599,7585.8701,7585.8701,0
2026-03-27,^SOX,7545.4199,7611.6001,7427.1001,7457.6699,7457.6699,0
2026-03-30,^SOX,7517.4702,7546.6802,7084.1299,7142.3301,7142.3301,0
2026-03-31,^SOX,7277.8799,7591.3301,7274.1499,7588.2002,7588.2002,0
2026-04-01,^SOX,7680.6099,7893.75,7677.54,7802.3101,7802.3101,0
2026-04-02,^SOX,7544.9302,7843.7402,7505.9702,7833.3901,7833.3901,0
2026-04-06,^SOX,7917.8599,7963.6499,7821.7798,7916.1099,7916.1099,0
2026-04-07,^SOX,7915.1699,8006.3398,7790.0698,8003.8701,8003.8701,0
2026-04-08,^SOX,8497.9297,8526.3896,8320.9199,8510.9199,8510.9199,0
2026-04-09,^SOX,8561.1797,8699.5,8543.5596,8689.5303,8689.5303,0
2026-04-10,^SOX,8812.2197,8962.9502,8795.5801,8889.8301,8889.8301,0
2026-04-13,^SOX,8873.3096,9044.79,8837.96,9039.5195,9039.5195,0
2026-04-14,^SOX,9133.29,9225.46,9042.1504,9224.1201,9224.1201,0
2026-04-15,^SOX,9189.2305,9249.96,9035.1104,9239.29,9239.29,0
2026-04-16,^SOX,9215.9297,9356.1602,9144.9805,9329.3496,9329.3496,0
2026-04-17,^SOX,9477.8896,9556.4199,9419.1299,9555.8799,9555.8799,0
2026-04-20,^SOX,9604.9004,9612.0898,9462.9404,9599.21,9599.21,0
2026-04-21,^SOX,9676.7803,9721.4004,9569.7002,9647.21,9647.21,0
2026-04-22,^SOX,9817.0996,9914.0801,9698.9502,9909.2695,9909.2695,0
2026-04-23,^SOX,9984.7305,10206.1797,9923.4297,10078.5703,10078.5703,0
2026-04-24,^SOX,10463.8096,10564.0098,10270.96,10513.6602,10513.6602,0
2026-04-27,^SOX,10533.3203,10536.8604,10251.7305,10408.04,10408.04,0
2026-04-28,^SOX,9979.1699,10184.9902,9865.3799,10035.5801,10035.5801,0
2026-04-29,^SOX,10192.3301,10272.9502,10113.21,10271.2998,10271.2998,0
2026-04-30,^SOX,10387.8398,10516.3896,10229.8896,10503.7002,10503.7002,0
2026-05-01,^SOX,10388.8203,10624.21,10364.4004,10595.3398,10595.3398,0
2026-05-04,^SOX,10656.0703,10690.4697,10430.21,10534.6602,10534.6602,0
2026-05-05,^SOX,10759.21,11058.1602,10718.4902,10980.5801,10980.5801,0
2026-05-06,^SOX,11243.8301,11477.3799,11062.9502,11472.75,11472.75,0
2026-05-07,^SOX,11332.1904,11404.3701,11075.1299,11160.9902,11160.9902,0
2026-05-08,^SOX,11408.0098,11776.7402,11388.4199,11775.5,11775.5,0
2026-05-11,^SOX,11875.29,12108.6699,11822.4902,12081.04,12081.04,0
2026-05-12,^SOX,11741.4697,11919.0,11263.5801,11717.2598,11717.2598,0
2026-05-13,^SOX,11988.75,12106.5498,11739.1699,12017.9805,12017.9805,0
2026-05-14,^SOX,11950.1396,12141.54,11892.4102,12073.7803,12073.7803,0
2026-05-15,^SOX,11672.54,11810.6699,11522.2695,11588.46,11588.46,0
2026-05-18,^SOX,11825.8799,11825.8799,11097.7598,11302.5195,11302.5195,0
2026-05-19,^SOX,11053.9902,11513.9902,10895.75,11305.5,11305.5,0
2026-05-20,^SOX,11580.0801,11818.3896,11528.1299,11813.29,11813.29,0
2026-05-21,^SOX,11826.0898,12003.0098,11739.8096,11964.0801,11964.0801,0
2026-05-22,^SOX,12070.1699,12304.5195,12069.04,12202.54,12202.54,0
2026-05-26,^SOX,12616.6299,12932.8096,12548.2402,12876.9102,12876.9102,0
2026-05-27,^SOX,13029.79,13037.9102,12452.3604,12702.1904,12702.1904,0
2026-05-28,^SOX,12748.5898,12961.1904,12528.6904,12829.1396,12829.1396,0
2026-05-29,^SOX,12973.7695,13115.2803,12737.1904,12829.3799,12829.3799,0
2026-06-01,^SOX,12706.6201,13088.0098,12631.0303,12965.6504,12965.6504,0
2026-06-02,^SOX,13242.7002,13733.7197,13202.1797,13726.2695,13726.2695,0
2026-06-03,^SOX,13971.1504,13998.1396,13554.3701,13916.96,13916.96,0
2026-06-04,^SOX,13243.6602,13819.6201,13041.2803,13617.5,13617.5,0
2026-06-05,^SOX,13062.5498,13111.4404,12217.3203,12220.7598,12220.7598,0
2026-06-08,^SOX,12838.8799,13129.0195,12676.7402,12906.6904,12906.6904,0
2026-06-09,^SOX,13142.9902,13264.1201,11794.1504,12657.8096,12657.8096,0
2026-06-10,^SOX,12501.8398,12870.5303,12157.6602,12206.46,12206.46,0
2026-06-11,^SOX,12506.6504,13194.2803,12475.2305,13171.4404,13171.4404,0
2026-06-12,^SOX,13053.9297,13513.4404,12986.0596,13371.4697,13371.4697,0
2026-06-15,^SOX,13901.2402,14134.5996,13860.3203,14099.6201,14099.6201,0
2026-06-16,^SOX,13968.2803,14133.5996,13291.75,13294.2197,13294.2197,0
2026-06-17,^SOX,13694.0098,13965.5996,13471.2197,13477.0703,13477.0703,0
2026-06-18,^SOX,14084.7598,14461.79,14062.2803,14341.7803,14341.7803,0
2026-06-22,^SOX,14607.0498,14655.29,14393.8896,14634.7197,14634.7197,0
2026-06-23,^SOX,13586.29,13857.1602,13374.4404,13482.5098,13482.5098,0
2026-06-24,^SOX,13484.1699,13597.3799,13115.8301,13458.2002,13458.2002,0
2026-06-25,^SOX,14156.4297,14194.6797,13379.9404,13940.8701,13940.8701,0
2026-06-26,^SOX,13419.1396,13519.5498,13159.2402,13203.5703,13203.5703,0
2026-06-29,^SOX,13241.9697,13733.3496,12782.5303,13709.6602,13709.6602,0
2026-06-30,^SOX,13787.9199,14332.7598,13750.6699,14246.96,14246.96,0
2026-07-01,^SOX,13718.0801,13844.4199,13322.6299,13353.2803,13353.2803,0
2026-07-02,^SOX,13268.2197,13526.7197,12374.4102,12626.2197,12626.2197,0
2026-07-06,^SOX,12914.4697,13252.54,12890.6201,12900.1396,12900.1396,0
2026-07-07,^SOX,12375.8604,12417.5098,11960.8398,12300.5195,12300.5195,0
2026-07-08,^SOX,12277.2803,12615.3701,12215.2197,12574.9697,12574.9697,0
2026-07-09,^SOX,13119.4102,13249.0703,12915.54,12960.0,12960.0,0
2026-07-10,^SOX,12779.2197,13065.0195,12656.8701,12967.1602,12967.1602,0
2026-07-13,^SOX,12563.6299,12646.7803,12289.0498,12347.7803,12347.7803,0
2026-07-14,^SOX,12837.3799,12846.29,12489.54,12661.9297,12661.9297,0
2026-07-15,^SOX,12774.4297,12785.4004,12022.9404,12398.8896,12398.8896,0
2026-07-16,^SOX,12114.9697,12191.4102,11768.96,11867.5,11867.5,0
2026-07-17,^SOX,11485.8896,11939.4404,11194.5996,11673.8896,11673.8896,0
2026-07-20,^SOX,11952.7002,12071.8301,11718.21,11743.8496,11743.8496,0
2026-07-21,^SOX,12311.2803,12404.1104,12085.9902,12356.1602,12356.1602,0
2026-07-22,^SOX,12123.3203,12525.71,12113.9502,12410.6699,12410.6699,0
2026-07-23,^SOX,12235.7998,12480.8799,12188.0498,12343.8398,12343.8398,0
2026-07-24,^SOX,12131.29,12261.5195,11711.3896,11818.8799,11818.8799,0
2026-07-27,^SOX,11888.9004,11949.46,11217.3496,11554.8799,11554.8799,0
2026-07-28,^SOX,11150.04,11187.4404,10799.8398,11035.6797,11035.6797,0
2026-07-29,^SOX,11011.8701,11125.0498,10445.4404,10447.4902,10447.4902,0
2026-07-30,^SOX,11085.96,11406.8203,10963.8896,11302.9902,11302.9902,0
2026-07-31,^SOX,11715.46,11885.7402,11231.79,11311.0801,11311.0801,0
2026-08-03,^SOX,11046.0898,11495.2803,10922.3096,11430.3496,11430.3496,0
2026-08-04,^SOX,11834.7695,12258.0801,11834.7695,12179.2598,12179.2598,0
2026-08-05,^SOX,12141.6904,12361.25,11979.9404,12008.8799,12008.8799,0
2026-08-06,^SOX,11825.8604,12288.5596,11707.7803,12048.6904,12048.6904,0
2026-08-07,^SOX,12299.9805,12425.7402,12082.6299,12356.79,12356.79,0
2026-08-10,^SOX,12424.6699,12432.9404,11992.9502,11993.8604,11993.8604,0
2026-08-11,^SOX,12135.4102,12204.46,12006.5098,12098.4697,12098.4697,0
2026-08-12,^SOX,12518.9404,12531.7598,12386.3096,12399.3799,12399.3799,0
2026-08-13,^SOX,12413.9697,12704.3799,12398.8203,12456.0,12456.0,0
2026-08-14,^SOX,12440.5,12495.1504,12269.4404,12417.0498,12417.0498,0
2026-08-17,^SOX,12615.71,12770.71,12548.7598,12621.0,12621.0,0
2026-08-18,^SOX,12166.1201,12228.0596,11828.46,11992.46,11992.46,0
2026-08-19,^SOX,12063.8496,12138.5098,11633.7998,11738.2305,11738.2305,0
2026-08-20,^SOX,11762.1104,11863.7197,11649.4697,11800.0195,11800.0195,0
2026-08-21,^SOX,11901.79,11943.96,11631.7197,11740.3701,11740.3701,0
2026-08-24,^SOX,11513.8799,11513.8799,11263.3398,11423.1699,11423.1699,0
2026-08-25,^SOX,11583.0498,11708.1299,11494.7803,11588.04,11588.04,0
2026-08-26,^SOX,11564.4297,11632.4297,11471.0303,11611.2402,11611.2402,0
2026-08-27,^SOX,11870.1602,11910.0303,11690.1904,11882.1699,11882.1699,0
2026-08-28,^SOX,11731.5801,11794.2803,11435.7002,11469.6602,11469.6602,0
2026-08-31,^SOX,11529.1602,11587.2598,11444.21,11535.0498,11535.0498,0
2026-09-01,^SOX,11296.6299,11389.6201,11172.9004,11288.6104,11288.6104,0
2026-09-02,^SOX,11243.5498,11388.9902,11154.6699,11339.25,11339.25,0
2026-09-03,^SOX,11219.4404,11371.3301,11056.3799,11352.1299,11352.1299,0
2026-09-04,^SOX,11508.7002,11750.25,11467.3398,11735.2598,11735.2598,0
2026-09-08,^SOX,11987.29,12023.8604,11843.2598,11887.8701,11887.8701,0
2026-09-09,^SOX,11866.5,12016.0898,11854.2197,11931.3203,11931.3203,0
2026-09-10,^SOX,11663.0,11733.6797,11561.04,11614.1699,11614.1699,0
2026-09-11,^SOX,11753.8701,11910.2002,11711.3301,11824.0,11824.0,0
2026-09-14,^SOX,11191.8203,11285.2998,11110.1104,11131.2803,11131.2803,0
2026-09-15,^SOX,11233.04,11304.2402,11128.8799,11175.5498,11175.5498,0
2026-09-16,^SOX,11347.6797,11413.46,11132.2598,11246.1104,11246.1104,0
2026-09-17,^SOX,11568.4697,11643.8799,11533.9502,11599.4902,11599.4902,0
2026-09-18,^SOX,11691.0,11922.9502,11686.0898,11921.6904,11921.6904,0
2026-09-21,^SOX,12145.9199,12491.6104,12059.2998,12433.1699,12433.1699,0
2026-09-22,^SOX,12338.8799,12708.3398,12338.5195,12689.8203,12689.8203,0
2026-09-23,^SOX,12659.0801,12660.9102,12371.3701,12534.2803,12534.2803,0
2026-09-24,^SOX,12309.0898,12517.9199,12258.3896,12492.54,12492.54,0
2026-09-25,^SOX,12565.8398,12732.7803,12549.5898,12668.9297,12668.9297,0
2026-09-28,^SOX,12595.1396,12665.4004,12277.4102,12465.2402,12465.2402,0
2026-09-29,^SOX,12667.3701,12773.8896,12588.8604,12629.1602,12629.1602,0
2026-09-30,^SOX,12665.6699,12731.0996,12555.6504,12628.6201,12628.6201,0
2026-10-01,^SOX,12651.5596,12913.4004,12587.3398,12829.0,12829.0,0
2026-10-02,^SOX,13130.7598,13269.3301,13082.0098,13136.6699,13136.6699,0
2025-10-06,NVDA,185.5,187.23,183.33,185.54,185.0965,157678100
2025-10-07,NVDA,186.23,189.06,184.0,185.04,184.5977,140088000
2025-10-08,NVDA,186.57,189.6,186.54,189.11,188.658,130168900
2025-10-09,NVDA,192.23,195.3,191.06,192.57,192.1097,182997200
2025-10-10,NVDA,193.51,195.62,182.05,183.16,182.7222,268774400
2025-10-13,NVDA,187.97,190.11,185.96,188.32,187.8699,153482800
2025-10-14,NVDA,184.77,184.8,179.7,180.03,179.5997,205641400
2025-10-15,NVDA,184.8,184.87,177.29,179.83,179.4002,214450500
2025-10-16,NVDA,182.23,183.28,179.77,181.81,181.3755,179723300
2025-10-17,NVDA,180.18,184.1,179.75,183.22,182.7821,173135200
2025-10-20,NVDA,183.13,185.2,181.73,182.64,182.2035,128544700
2025-10-21,NVDA,182.79,182.79,179.8,181.16,180.727,124240200
2025-10-22,NVDA,181.14,183.44,176.76,180.28,179.8491,162249600
2025-10-23,NVDA,180.42,183.03,179.79,182.16,181.7246,111363700
2025-10-24,NVDA,183.84,187.47,183.5,186.26,185.8148,131296700
2025-10-27,NVDA,189.99,192.0,188.43,191.49,191.0323,153452700
2025-10-28,NVDA,193.05,203.15,191.91,201.03,200.5495,297986200
2025-10-29,NVDA,207.98,212.19,204.78,207.04,206.5452,308829600
2025-10-30,NVDA,205.15,206.16,201.41,202.89,202.4051,178864400
2025-10-31,NVDA,206.45,207.97,202.07,202.49,202.006,179802200
2025-11-03,NVDA,208.08,211.34,205.56,206.88,206.3855,180267300
2025-11-04,NVDA,203.0,203.97,197.93,198.69,198.2151,188919300
2025-11-05,NVDA,198.77,202.92,194.65,195.21,194.7434,171350300
2025-11-06,NVDA,196.42,197.62,186.38,188.08,187.6305,223029800
2025-11-07,NVDA,184.9,188.32,178.91,188.15,187.7003,264942300
2025-11-10,NVDA,195.11,199.94,193.79,199.05,198.5743,198897100
2025-11-11,NVDA,195.16,195.42,191.3,193.16,192.6983,176483300
2025-11-12,NVDA,195.72,195.89,191.13,193.8,193.3368,154935300
2025-11-13,NVDA,191.05,191.44,183.85,186.86,186.4134,207423100
2025-11-14,NVDA,182.86,191.01,180.58,190.17,189.7155,186591900
2025-11-17,NVDA,185.97,189.0,184.32,186.6,186.154,173628900
2025-11-18,NVDA,183.38,184.8,179.65,181.36,180.9265,213598900
2025-11-19,NVDA,184.79,187.86,182.83,186.52,186.0742,247246400
2025-11-20,NVDA,195.95,196.0,179.85,180.64,180.2083,343504800
2025-11-21,NVDA,181.24,184.56,172.93,178.88,178.4525,346926200
2025-11-24,NVDA,179.49,183.5,176.48,182.55,182.1137,256618300
2025-11-25,NVDA,174.91,178.16,169.55,177.82,177.395,320600300
2025-11-26,NVDA,181.63,182.91,178.24,180.26,179.8291,183852000
2025-11-28,NVDA,179.01,179.29,176.5,177.0,176.577,121332800
2025-12-01,NVDA,174.76,180.3,173.68,179.92,179.49,188131000
2025-12-02,NVDA,181.76,185.66,180.0,181.46,181.0263,182632200
2025-12-03,NVDA,181.08,182.45,179.11,179.59,179.1608,165138000
2025-12-04,NVDA,181.62,184.52,179.96,183.38,182.9519,167364900
2025-12-05,NVDA,183.89,184.66,180.91,182.41,181.9841,143971100
2025-12-08,NVDA,182.64,188.0,182.4,185.55,185.1168,204378100
2025-12-09,NVDA,185.56,185.72,183.32,184.97,184.5382,144719700
2025-12-10,NVDA,184.97,185.48,182.04,183.78,183.351,162785400
2025-12-11,NVDA,180.28,181.32,176.62,180.93,180.5076,182136600
2025-12-12,NVDA,181.11,182.82,174.62,175.02,174.6114,204274900
2025-12-15,NVDA,177.94,178.42,175.03,176.29,175.8784,164775600
2025-12-16,NVDA,176.26,178.49,174.9,177.72,177.3051,148588100
2025-12-17,NVDA,176.1,176.13,170.31,170.94,170.5409,222775500
2025-12-18,NVDA,174.53,176.15,171.82,174.14,173.7335,176096000
2025-12-19,NVDA,176.67,181.45,176.34,180.99,180.5675,324925900
2025-12-22,NVDA,183.92,184.16,182.35,183.69,183.2612,129064400
2025-12-23,NVDA,182.97,189.33,182.9,189.21,188.7683,174873600
2025-12-24,NVDA,187.94,188.91,186.59,188.61,188.1697,65528500
2025-12-26,NVDA,189.92,192.69,188.0,190.53,190.0852,139740300
2025-12-29,NVDA,187.71,188.76,185.91,188.22,187.7806,120006100
2025-12-30,NVDA,188.24,188.99,186.93,187.54,187.1022,97687300
2025-12-31,NVDA,189.57,190.56,186.49,186.5,186.0646,120100500
2026-01-02,NVDA,189.84,192.93,188.26,188.85,188.4091,148240500
2026-01-05,NVDA,191.76,193.63,186.15,188.12,187.6808,183529700
2026-01-06,NVDA,190.52,192.17,186.82,187.24,186.8029,176862600
2026-01-07,NVDA,188.57,191.37,186.56,189.11,188.6685,153543200
2026-01-08,NVDA,189.11,189.55,183.71,185.04,184.608,172457000
2026-01-09,NVDA,185.08,186.34,183.67,184.86,184.4284,131327500
2026-01-12,NVDA,183.22,187.12,183.02,184.94,184.5083,137968500
2026-01-13,NVDA,185.0,188.11,183.4,185.81,185.3762,160128900
2026-01-14,NVDA,184.32,184.46,180.8,183.14,182.7125,159586100
2026-01-15,NVDA,186.5,189.7,186.33,187.05,186.6133,206188600
2026-01-16,NVDA,189.08,190.44,186.08,186.23,185.7952,187967200
2026-01-20,NVDA,181.9,182.38,177.61,178.07,177.6543,223345300
2026-01-21,NVDA,179.05,185.38,178.4,183.32,182.892,200381000
2026-01-22,NVDA,184.75,186.17,183.93,184.84,184.4085,139636600
2026-01-23,NVDA,187.5,189.6,186.82,187.67,187.2319,142748100
2026-01-26,NVDA,187.16,189.12,185.99,186.47,186.0347,124799600
2026-01-27,NVDA,187.24,190.0,185.7,188.52,188.0799,143711600
2026-01-28,NVDA,191.27,192.35,189.84,191.52,191.0729,148552700
2026-01-29,NVDA,191.34,193.48,186.06,192.51,192.0606,171764400
2026-01-30,NVDA,191.21,194.49,189.47,191.13,190.6838,179489500
2026-02-02,NVDA,187.2,190.3,184.88,185.61,185.1767,165794100
2026-02-03,NVDA,186.24,186.27,176.23,180.34,179.919,204019600
2026-02-04,NVDA,179.46,179.58,171.91,174.19,173.7834,207014100
2026-02-05,NVDA,174.93,176.82,171.03,171.88,171.4787,206312900
2026-02-06,NVDA,176.69,187.0,174.6,185.41,184.9772,231346200
2026-02-09,NVDA,184.26,193.66,183.95,190.04,189.5963,196387400
2026-02-10,NVDA,191.38,192.48,188.12,188.54,188.0999,136764800
2026-02-11,NVDA,192.45,193.26,188.77,190.05,189.6063,144192700
2026-02-12,NVDA,193.03,193.61,186.51,186.94,186.5036,189932500
2026-02-13,NVDA,187.48,187.5,181.59,182.81,182.3832,161888000
2026-02-17,NVDA,181.75,187.15,179.18,184.97,184.5382,162276900
2026-02-18,NVDA,188.75,190.37,186.76,187.98,187.5411,164749100
2026-02-19,NVDA,187.06,188.43,185.66,187.9,187.4613,126554500
2026-02-20,NVDA,186.57,190.33,185.94,189.82,189.3769,178422300
2026-02-23,NVDA,191.4,193.95,189.58,191.55,191.1028,171584800
2026-02-24,NVDA,191.49,193.77,187.4,192.85,192.3998,175123600
2026-02-25,NVDA,194.45,197.63,193.79,195.56,195.1035,250637100
2026-02-26,NVDA,194.27,194.29,184.32,184.89,184.4584,360807900
2026-02-27,NVDA,181.25,182.59,176.38,177.19,176.7764,311636500
2026-03-02,NVDA,175.01,183.46,174.64,182.48,182.054,209095300
2026-03-03,NVDA,178.49,180.9,176.92,180.05,179.6297,178099400
2026-03-04,NVDA,180.44,184.7,180.06,183.04,182.6127,177731200
2026-03-05,NVDA,181.17,184.06,177.88,183.34,182.912,198779700
2026-03-06,NVDA,179.84,182.76,176.82,177.82,177.4049,189021900
2026-03-09,NVDA,176.83,182.91,175.56,182.65,182.2236,177213600
2026-03-10,NVDA,182.4,186.44,182.01,184.77,184.3386,179118500
2026-03-11,NVDA,185.91,187.62,184.45,186.03,185.6057,145280400
2026-03-12,NVDA,184.05,184.94,181.75,183.14,182.7224,155762700
2026-03-13,NVDA,184.92,186.09,179.94,180.25,179.8389,160988400
2026-03-16,NVDA,182.97,188.88,181.41,183.22,182.8022,217307400
2026-03-17,NVDA,185.06,185.4,181.68,181.93,181.5151,182497800
2026-03-18,NVDA,182.48,183.38,180.33,180.4,179.9886,156683100
2026-03-19,NVDA,178.01,179.98,175.79,178.56,178.1528,170968500
2026-03-20,NVDA,178.0,178.26,171.72,172.7,172.3061,241323500
2026-03-23,NVDA,177.26,178.37,174.76,175.64,175.2394,182836300
2026-03-24,NVDA,174.83,176.22,173.98,175.2,174.8004,147667800
2026-03-25,NVDA,177.1,181.22,176.85,178.68,178.2725,162602100
2026-03-26,NVDA,176.07,176.51,171.14,171.24,170.8495,186152200
2026-03-27,NVDA,170.0,170.97,167.01,167.52,167.138,196212700
2026-03-30,NVDA,168.78,169.45,164.27,165.17,164.7933,185627000
2026-03-31,NVDA,166.97,174.62,166.96,174.4,174.0023,226181300
2026-04-01,NVDA,176.0,177.37,174.75,175.75,175.3492,168132000
2026-04-02,NVDA,172.18,177.49,171.37,177.39,176.9854,143143200
2026-04-06,NVDA,177.16,177.79,175.76,177.64,177.2349,107564300
2026-04-07,NVDA,175.73,178.23,173.66,178.1,177.6938,132534900
2026-04-08,NVDA,184.5,185.26,180.3,182.08,181.6648,147732700
2026-04-09,NVDA,181.84,184.08,180.62,183.91,183.4906,116428500
2026-04-10,NVDA,184.31,190.0,184.3,188.63,188.1998,160459500
2026-04-13,NVDA,186.03,189.66,185.74,189.31,188.8783,133648200
2026-04-14,NVDA,190.84,196.51,190.77,196.51,196.0618,161307000
2026-04-15,NVDA,196.54,200.4,195.74,198.87,198.4165,185338400
2026-04-16,NVDA,197.43,199.85,195.81,198.35,197.8977,134012900
2026-04-17,NVDA,199.9,201.7,199.27,201.68,201.22,160324400
2026-04-20,NVDA,199.98,202.17,197.84,202.06,201.5992,119381400
2026-04-21,NVDA,202.13,202.75,199.0,199.88,199.4242,107945300
2026-04-22,NVDA,200.99,202.5,199.0,202.5,202.0382,107501000
2026-04-23,NVDA,202.46,203.83,197.22,199.64,199.1847,113561800
2026-04-24,NVDA,199.96,210.95,199.81,208.27,207.795,214134400
2026-04-27,NVDA,209.65,216.83,207.38,216.61,216.116,187172400
2026-04-28,NVDA,209.49,214.73,208.2,213.17,212.6839,180275400
2026-04-29,NVDA,212.7,212.72,207.58,209.25,208.7728,123711800
2026-04-30,NVDA,209.93,210.3,198.7,199.57,199.1149,225239200
2026-05-01,NVDA,201.28,203.0,197.12,198.45,197.9974,128647000
2026-05-04,NVDA,199.5,201.73,194.74,198.48,198.0273,125368100
2026-05-05,NVDA,199.3,200.24,196.03,196.5,196.0519,113406600
2026-05-06,NVDA,199.89,208.27,198.61,207.83,207.356,188362800
2026-05-07,NVDA,208.34,214.2,206.5,211.5,211.0177,168307900
2026-05-08,NVDA,213.03,217.8,212.89,215.2,214.7092,136421400
2026-05-11,NVDA,214.04,222.3,213.89,219.44,218.9396,160685800
2026-05-12,NVDA,218.55,223.75,214.92,220.78,220.2765,159176600
2026-05-13,NVDA,224.93,227.84,221.57,225.83,225.315,150405400
2026-05-14,NVDA,229.85,236.54,229.3,235.74,235.2024,180782900
2026-05-15,NVDA,229.76,231.5,224.24,225.32,224.8062,180977600
2026-05-18,NVDA,229.87,230.0,218.37,222.32,221.813,146280900
2026-05-19,NVDA,219.62,224.48,217.91,220.61,220.1069,140948200
2026-05-20,NVDA,223.18,226.13,220.5,223.47,222.9604,184201600
2026-05-21,NVDA,222.29,227.4,217.93,219.51,219.0094,203381800
2026-05-22,NVDA,220.9,221.01,214.8,215.33,214.8389,169275700
2026-05-26,NVDA,216.54,218.18,212.0,214.86,214.37,187202600
2026-05-27,NVDA,214.12,214.15,208.78,212.6,212.1152,167601200
2026-05-28,NVDA,211.28,215.52,211.22,214.25,213.7614,143996000
2026-05-29,NVDA,214.58,217.86,211.13,211.14,210.6585,289410600
2026-06-01,NVDA,215.73,224.87,215.7,224.36,223.8483,212850700
2026-06-02,NVDA,227.18,232.28,221.35,222.82,222.3118,193362900
2026-06-03,NVDA,221.72,222.82,214.51,214.75,214.2603,160907000
2026-06-04,NVDA,213.91,221.6,210.97,218.66,218.4156,169022200
2026-06-05,NVDA,214.53,214.87,204.33,205.1,204.8708,219655500
2026-06-08,NVDA,210.18,210.47,206.0,208.64,208.4068,138372800
2026-06-09,NVDA,210.62,211.4,199.34,208.19,207.9573,180962500
2026-06-10,NVDA,204.43,207.22,199.92,200.42,200.196,161746600
2026-06-11,NVDA,201.49,205.66,199.54,204.87,204.641,158643200
2026-06-12,NVDA,204.86,207.07,203.44,205.19,204.9607,112001800
2026-06-15,NVDA,208.92,212.71,208.34,212.45,212.2125,149936700
2026-06-16,NVDA,211.18,211.49,207.29,207.41,207.1782,125694100
2026-06-17,NVDA,208.53,209.21,203.08,204.65,204.4212,128363500
2026-06-18,NVDA,207.33,211.39,206.5,210.69,210.4545,241272000
2026-06-22,NVDA,211.44,213.99,207.72,208.65,208.4168,122041400
2026-06-23,NVDA,202.17,203.77,200.0,200.04,199.8164,153496200
2026-06-24,NVDA,200.12,201.67,196.58,199.0,198.7776,151810700
2026-06-25,NVDA,200.08,200.8,192.13,195.74,195.5212,149550000
2026-06-26,NVDA,193.12,195.55,191.22,192.53,192.3148,179304100
2026-06-29,NVDA,193.85,196.18,189.8,194.97,194.7521,148835700
2026-06-30,NVDA,197.24,200.63,195.11,200.09,199.8663,166476700
2026-07-01,NVDA,196.2,199.85,193.45,197.58,197.3592,146147600
2026-07-02,NVDA,197.14,200.06,192.35,194.83,194.6122,142068700
2026-07-06,NVDA,194.42,197.55,193.99,195.55,195.3314,108999000
2026-07-07,NVDA,192.37,198.41,191.14,196.93,196.7099,124154600
2026-07-08,NVDA,195.18,205.16,195.06,204.12,203.8918,147419100
2026-07-09,NVDA,204.46,204.59,198.96,202.78,202.5533,132037400
2026-07-10,NVDA,202.0,211.0,201.92,210.96,210.7242,148421000
2026-07-13,NVDA,208.54,210.57,203.0,203.53,203.3025,121411000
2026-07-14,NVDA,208.2,212.55,203.8,211.8,211.5633,124379600
2026-07-15,NVDA,211.96,213.81,206.04,212.5,212.2625,124797200
2026-07-16,NVDA,210.17,211.08,205.85,207.4,207.1682,122986100
2026-07-17,NVDA,202.64,206.65,197.97,202.81,202.5833,144281900
2026-07-20,NVDA,205.87,207.74,202.28,203.28,203.0528,88701500
2026-07-21,NVDA,207.54,208.65,204.01,207.29,207.0583,108685600
2026-07-22,NVDA,205.81,214.39,204.95,212.06,211.823,137645600
2026-07-23,NVDA,209.46,210.87,205.96,208.76,208.5267,110505300
2026-07-24,NVDA,207.45,211.91,204.81,206.84,206.6088,114836800
2026-07-27,NVDA,208.2,208.75,195.44,196.51,196.2904,154353700
2026-07-28,NVDA,195.0,198.7,192.74,197.01,196.7898,134111500
2026-07-29,NVDA,195.85,197.07,190.01,190.01,189.7976,147680800
2026-07-30,NVDA,193.45,197.25,191.52,195.04,194.822,129010200
2026-07-31,NVDA,198.44,202.0,194.95,200.75,200.5256,139961200
2026-08-03,NVDA,197.69,208.74,196.85,206.64,206.409,128406900
2026-08-04,NVDA,211.3,213.06,209.05,211.94,211.7031,134922000
2026-08-05,NVDA,216.86,222.22,216.4,219.22,218.975,158187400
2026-08-06,NVDA,221.53,223.63,217.0,218.99,218.7452,113940600
2026-08-07,NVDA,221.54,224.76,220.66,223.96,223.7097,105669400
2026-08-10,NVDA,223.4,224.14,216.77,217.55,217.3068,115846600
2026-08-11,NVDA,222.17,222.2,216.2,217.5,217.2569,101273100
2026-08-12,NVDA,221.04,225.1,220.2,224.09,223.8395,108783600
2026-08-13,NVDA,225.06,227.23,223.71,225.3,225.0482,98867200
2026-08-14,NVDA,226.77,227.49,224.5,225.16,224.9083,75680900
2026-08-17,NVDA,225.98,227.92,224.86,225.01,224.7585,93678700
2026-08-18,NVDA,220.45,221.64,218.69,219.74,219.4944,103128200
2026-08-19,NVDA,221.67,222.87,216.76,217.56,217.3168,96797300
2026-08-20,NVDA,218.36,219.86,215.66,216.85,216.6076,92457000
2026-08-21,NVDA,218.42,218.74,214.5,214.72,214.48,98869300
2026-08-24,NVDA,215.53,215.59,207.25,208.48,208.247,135187300
2026-08-25,NVDA,211.03,214.73,210.11,213.05,212.8119,122309000
2026-08-26,NVDA,212.64,213.6,209.23,209.66,209.4257,179900000
2026-08-27,NVDA,222.86,230.47,220.9,227.98,227.7252,298909800
2026-08-28,NVDA,227.36,229.26,216.81,217.55,217.3068,195116400
2026-08-31,NVDA,218.87,221.3,216.21,220.78,220.5332,124702700
2026-09-01,NVDA,216.75,220.41,215.1,217.44,217.197,109756200
2026-09-02,NVDA,218.79,227.95,218.48,224.41,224.1592,157104700
2026-09-03,NVDA,226.02,230.4,224.75,228.45,228.1947,134681600
2026-09-04,NVDA,231.09,234.76,229.63,230.36,230.1025,135352400
2026-09-08,NVDA,233.11,233.71,224.85,225.73,225.4777,122965600
2026-09-09,NVDA,225.28,226.18,223.46,223.67,223.42,82955500
2026-09-10,NVDA,220.53,220.99,217.2,218.36,218.36,105768000
2026-09-11,NVDA,221.24,222.0,218.15,218.29,218.29,89060100
2026-09-14,NVDA,211.24,212.77,208.93,210.96,210.96,132267200
2026-09-15,NVDA,213.38,213.94,211.16,212.17,212.17,88059700
2026-09-16,NVDA,214.14,216.76,212.5,213.9,213.9,96563600
2026-09-17,NVDA,218.38,219.91,217.15,219.34,219.34,94191300
2026-09-18,NVDA,219.35,222.73,218.03,222.27,222.27,190287400
2026-09-21,NVDA,222.94,228.5,221.56,227.38,227.38,109806100
2026-09-22,NVDA,226.85,229.98,226.5,228.87,228.87,95746700
2026-09-23,NVDA,228.03,228.95,224.02,225.51,225.51,89547300
2026-09-24,NVDA,222.08,224.94,221.09,224.58,224.58,77469900
2026-09-25,NVDA,225.13,226.94,223.13,225.07,225.07,89947700
2026-09-28,NVDA,229.75,233.21,228.04,228.86,228.86,142344300
2026-09-29,NVDA,230.97,232.82,227.03,227.21,227.21,101494900
2026-09-30,NVDA,229.27,232.37,228.17,228.38,228.38,121732200
2026-10-01,NVDA,229.98,232.29,228.16,230.86,230.86,98591400
2026-10-02,NVDA,236.06,237.88,233.6,233.95,233.95,134914600
2025-10-06,^GSPC,6733.8599,6749.52,6717.7798,6740.2798,6740.2798,5604460000
2025-10-07,^GSPC,6746.1401,6754.4902,6699.96,6714.5898,6714.5898,5546150000
2025-10-08,^GSPC,6723.8701,6755.6401,6718.0898,6753.7202,6753.7202,5383130000
2025-10-09,^GSPC,6760.5,6764.5801,6716.1699,6735.1099,6735.1099,5385020000
2025-10-10,^GSPC,6740.4902,6762.3999,6550.7798,6552.5098,6552.5098,6596610000
2025-10-13,^GSPC,6622.5298,6668.6802,6620.71,6654.7202,6654.7202,5303960000
2025-10-14,^GSPC,6602.4902,6680.7002,6555.0698,6644.3101,6644.3101,5666920000
2025-10-15,^GSPC,6688.27,6724.1201,6612.1099,6671.0601,6671.0601,5633060000
2025-10-16,^GSPC,6689.02,6709.3398,6593.9902,6629.0698,6629.0698,6048180000
2025-10-17,^GSPC,6613.27,6678.8799,6603.7598,6664.0098,6664.0098,5358120000
2025-10-20,^GSPC,6690.0498,6744.3501,6690.0498,6735.1299,6735.1299,4672170000
2025-10-21,^GSPC,6736.75,6752.1602,6722.0298,6735.3501,6735.3501,5245020000
2025-10-22,^GSPC,6741.3398,6741.75,6655.6899,6699.3999,6699.3999,5710010000
2025-10-23,^GSPC,6703.6499,6749.5298,6700.1401,6738.4399,6738.4399,5565750000
2025-10-24,^GSPC,6772.0698,6807.1099,6772.0698,6791.6899,6791.6899,5058220000
2025-10-27,^GSPC,6845.46,6877.2798,6843.9399,6875.1602,6875.1602,5290650000
2025-10-28,^GSPC,6897.7402,6911.2998,6870.73,6890.8901,6890.8901,5695930000
2025-10-29,^GSPC,6910.9502,6920.3398,6851.9102,6890.5898,6890.5898,6280130000
2025-10-30,^GSPC,6860.5,6880.75,6820.6899,6822.3398,6822.3398,6052700000
2025-10-31,^GSPC,6879.1699,6879.1699,6814.2598,6840.2002,6840.2002,6398280000
2025-11-03,^GSPC,6882.3198,6882.3198,6820.6201,6851.9702,6851.9702,6065720000
2025-11-04,^GSPC,6788.52,6820.21,6766.71,6771.5498,6771.5498,5739510000
2025-11-05,^GSPC,6769.77,6829.7798,6763.1099,6796.29,6796.29,5939600000
2025-11-06,^GSPC,6787.5898,6796.6802,6707.5098,6720.3198,6720.3198,6051900000
2025-11-07,^GSPC,6696.1802,6730.1099,6631.4399,6728.7998,6728.7998,5926070000
2025-11-10,^GSPC,6785.3599,6841.3198,6770.5601,6832.4302,6832.4302,5366050000
2025-11-11,^GSPC,6815.6401,6855.1299,6806.8701,6846.6099,6846.6099,4983490000
2025-11-12,^GSPC,6867.77,6869.9102,6829.6201,6850.9199,6850.9199,5293610000
2025-11-13,^GSPC,6826.4702,6828.0498,6724.7202,6737.4902,6737.4902,5473720000
2025-11-14,^GSPC,6672.1401,6774.3101,6646.8701,6734.1099,6734.1099,5042660000
2025-11-17,^GSPC,6713.6099,6754.5,6638.8999,6672.4102,6672.4102,5204220000
2025-11-18,^GSPC,6641.1899,6666.6299,6574.3198,6617.3198,6617.3198,5159390000
2025-11-19,^GSPC,6625.8398,6689.75,6603.5,6642.1602,6642.1602,5021610000
2025-11-20,^GSPC,6737.9302,6770.3501,6534.0498,6538.7598,6538.7598,5596080000
2025-11-21,^GSPC,6555.77,6660.0498,6521.9199,6602.9902,6602.9902,5929930000
2025-11-24,^GSPC,6636.54,6715.75,6630.7002,6705.1201,6705.1201,6039740000
2025-11-25,^GSPC,6697.0298,6776.3999,6659.98,6765.8799,6765.8799,5003330000
2025-11-26,^GSPC,6793.5498,6831.4399,6783.8701,6812.6099,6812.6099,4485000000
2025-11-28,^GSPC,6822.52,6850.8599,6819.75,6849.0898,6849.0898,2558540000
2025-12-01,^GSPC,6812.2998,6843.6499,6799.9399,6812.6299,6812.6299,4549370000
2025-12-02,^GSPC,6830.96,6851.5498,6806.71,6829.3701,6829.3701,4582290000
2025-12-03,^GSPC,6815.29,6862.4199,6810.4302,6849.7202,6849.7202,4736780000
2025-12-04,^GSPC,6866.4702,6866.4702,6827.1201,6857.1201,6857.1201,4872440000
2025-12-05,^GSPC,6866.3198,6895.7798,6858.29,6870.3999,6870.3999,4944560000
2025-12-08,^GSPC,6875.2002,6878.27,6827.1899,6846.5098,6846.5098,4757130000
2025-12-09,^GSPC,6840.6099,6864.9199,6837.4302,6840.5098,6840.5098,4508050000
2025-12-10,^GSPC,6833.4902,6900.6699,6824.6899,6886.6802,6886.6802,5526570000
2025-12-11,^GSPC,6861.2998,6903.46,6833.4502,6901.0,6901.0,5021060000
2025-12-12,^GSPC,6886.8501,6899.8501,6801.79,6827.4102,6827.4102,4910160000
2025-12-15,^GSPC,6860.1899,6861.5898,6801.4902,6816.5098,6816.5098,4975600000
2025-12-16,^GSPC,6800.1201,6819.27,6759.7402,6800.2598,6800.2598,4983180000
2025-12-17,^GSPC,6802.8799,6812.2598,6720.4302,6721.4302,6721.4302,5122120000
2025-12-18,^GSPC,6778.0601,6816.1299,6758.5,6774.7598,6774.7598,5101190000
2025-12-19,^GSPC,6792.6201,6840.02,6792.6201,6834.5,6834.5,8554470000
2025-12-22,^GSPC,6865.21,6882.0298,6855.7402,6878.4902,6878.4902,4465030000
2025-12-23,^GSPC,6872.4102,6910.8799,6868.8101,6909.79,6909.79,3820560000
2025-12-24,^GSPC,6904.9102,6937.3198,6904.9102,6932.0498,6932.0498,1798270000
2025-12-26,^GSPC,6936.02,6945.77,6921.6001,6929.9399,6929.9399,2586550000
2025-12-29,^GSPC,6903.6001,6920.21,6888.7598,6905.7402,6905.7402,3541750000
2025-12-30,^GSPC,6900.4399,6913.25,6893.4702,6896.2402,6896.2402,3309930000
2025-12-31,^GSPC,6898.8198,6901.4199,6844.5498,6845.5,6845.5,3261830000
2026-01-02,^GSPC,6878.1099,6894.8701,6824.3101,6858.4702,6858.4702,4184120000
2026-01-05,^GSPC,6892.1899,6920.3799,6891.5601,6902.0498,6902.0498,5771930000
2026-01-06,^GSPC,6908.0298,6948.6899,6904.02,6944.8198,6944.8198,5509680000
2026-01-07,^GSPC,6945.0698,6965.6899,6919.1899,6920.9302,6920.9302,5214480000
2026-01-08,^GSPC,6914.1099,6931.2798,6899.3301,6921.46,6921.46,5333200000
2026-01-09,^GSPC,6927.8301,6978.3599,6917.6401,6966.2798,6966.2798,5163900000
2026-01-12,^GSPC,6944.1201,6986.3301,6934.0698,6977.27,6977.27,5019040000
2026-01-13,^GSPC,6977.4102,6985.8301,6938.77,6963.7402,6963.7402,5091730000
2026-01-14,^GSPC,6937.4102,6941.2998,6885.7402,6926.6001,6926.6001,5530830000
2026-01-15,^GSPC,6969.46,6979.3398,6937.9302,6944.4702,6944.4702,5114050000
2026-01-16,^GSPC,6960.54,6967.2998,6925.0898,6940.0098,6940.0098,5356550000
2026-01-20,^GSPC,6865.2402,6871.1699,6789.0498,6796.8599,6796.8599,5769500000
2026-01-21,^GSPC,6810.71,6910.3901,6804.96,6875.6201,6875.6201,5835520000
2026-01-22,^GSPC,6914.4399,6934.75,6893.6201,6913.3501,6913.3501,5307580000
2026-01-23,^GSPC,6907.8501,6932.96,6895.5,6915.6099,6915.6099,4871930000
2026-01-26,^GSPC,6923.23,6964.6602,6921.6001,6950.23,6950.23,4968050000
2026-01-27,^GSPC,6965.96,6988.8198,6958.8301,6978.6001,6978.6001,5331720000
2026-01-28,^GSPC,7002.0,7002.2798,6963.46,6978.0298,6978.0298,5507670000
2026-01-29,^GSPC,6977.7402,6992.8398,6870.7998,6969.0098,6969.0098,6877780000
2026-01-30,^GSPC,6947.27,6964.0898,6893.48,6939.0298,6939.0298,6697340000
2026-02-02,^GSPC,6916.6401,6991.9199,6914.3398,6976.4399,6976.4399,5772050000
2026-02-03,^GSPC,6985.4502,6993.0801,6862.0498,6917.8101,6917.8101,7017660000
2026-02-04,^GSPC,6924.5,6936.0898,6838.7998,6882.7202,6882.7202,7475750000
2026-02-05,^GSPC,6837.3901,6857.8501,6780.1299,6798.3999,6798.3999,6989120000
2026-02-06,^GSPC,6816.7402,6944.8901,6816.7402,6932.2998,6932.2998,6283680000
2026-02-09,^GSPC,6917.2598,6980.1001,6905.8701,6964.8198,6964.8198,5650260000
2026-02-10,^GSPC,6974.4902,6986.8301,6937.5298,6941.8101,6941.8101,5595950000
2026-02-11,^GSPC,6976.48,6993.48,6911.9702,6941.4702,6941.4702,6175510000
2026-02-12,^GSPC,6957.54,6973.2202,6824.04,6832.7598,6832.7598,7118700000
2026-02-13,^GSPC,6834.27,6881.96,6794.5498,6836.1699,6836.1699,5718360000
2026-02-17,^GSPC,6819.8599,6866.9902,6775.5,6843.2202,6843.2202,5418480000
2026-02-18,^GSPC,6855.48,6909.1201,6849.6602,6881.3101,6881.3101,5098160000
2026-02-19,^GSPC,6861.3398,6879.1201,6833.0601,6861.8901,6861.8901,5151690000
2026-02-20,^GSPC,6843.2598,6915.8599,6836.3301,6909.5098,6909.5098,5432480000
2026-02-23,^GSPC,6901.25,6916.96,6819.8198,6837.75,6837.75,5638350000
2026-02-24,^GSPC,6837.3701,6899.1699,6815.4302,6890.0698,6890.0698,5266090000
2026-02-25,^GSPC,6915.1499,6952.5098,6915.1499,6946.1299,6946.1299,5328060000
2026-02-26,^GSPC,6944.7402,6947.25,6859.73,6908.8599,6908.8599,5889550000
2026-02-27,^GSPC,6856.54,6882.96,6831.7402,6878.8799,6878.8799,6665660000
2026-03-02,^GSPC,6824.3599,6901.0098,6796.8501,6881.6201,6881.6201,6079080000
2026-03-03,^GSPC,6800.2598,6840.0498,6710.4199,6816.6299,6816.6299,6442080000
2026-03-04,^GSPC,6831.6899,6885.9399,6811.6401,6869.5,6869.5,5252170000
2026-03-05,^GSPC,6851.0801,6870.4302,6770.7798,6830.71,6830.71,5989300000
2026-03-06,^GSPC,6769.0298,6773.4199,6711.5601,6740.02,6740.02,5793120000
2026-03-09,^GSPC,6699.7998,6810.4399,6636.04,6795.9902,6795.9902,6709410000
2026-03-10,^GSPC,6796.5601,6845.0801,6759.7402,6781.48,6781.48,5944950000
2026-03-11,^GSPC,6790.0898,6811.1499,6745.5898,6775.7998,6775.7998,5511090000
2026-03-12,^GSPC,6740.8799,6740.8799,6670.3999,6672.6201,6672.6201,6292170000
2026-03-13,^GSPC,6673.4902,6733.2998,6623.9199,6632.1899,6632.1899,5337120000
2026-03-16,^GSPC,6674.3701,6729.79,6674.3701,6699.3799,6699.3799,5176290000
2026-03-17,^GSPC,6722.3501,6754.2998,6710.7998,6716.0898,6716.0898,5063390000
2026-03-18,^GSPC,6697.1602,6705.1802,6621.6602,6624.7002,6624.7002,5275480000
2026-03-19,^GSPC,6583.1201,6636.7402,6557.8198,6606.4902,6606.4902,5973390000
2026-03-20,^GSPC,6594.6602,6594.6602,6473.52,6506.48,6506.48,10025820000
2026-03-23,^GSPC,6574.96,6651.6201,6565.5498,6581.0,6581.0,6020650000
2026-03-24,^GSPC,6552.0898,6595.75,6525.1099,6556.3701,6556.3701,5278580000
2026-03-25,^GSPC,6598.3501,6633.9399,6568.4102,6591.8999,6591.8999,4936720000
2026-03-26,^GSPC,6555.8599,6573.2202,6473.79,6477.1602,6477.1602,4845560000
2026-03-27,^GSPC,6453.8901,6453.8901,6356.0801,6368.8501,6368.8501,5303490000
2026-03-30,^GSPC,6403.3701,6427.3101,6316.9102,6343.7202,6343.7202,5458640000
2026-03-31,^GSPC,6395.8799,6539.0498,6395.8799,6528.52,6528.52,6396100000
2026-04-01,^GSPC,6556.5601,6609.6699,6554.29,6575.3198,6575.3198,5637260000
2026-04-02,^GSPC,6512.6099,6601.9102,6474.9399,6582.6899,6582.6899,4740740000
2026-04-06,^GSPC,6587.6602,6618.1299,6579.7202,6611.8301,6611.8301,3906440000
2026-04-07,^GSPC,6601.9302,6618.2598,6534.5498,6616.8501,6616.8501,4555680000
2026-04-08,^GSPC,6754.3599,6793.5,6740.2798,6782.8101,6782.8101,5904880000
2026-04-09,^GSPC,6783.6899,6835.3101,6761.5498,6824.6602,6824.6602,4912410000
2026-04-10,^GSPC,6839.2402,6845.77,6808.46,6816.8901,6816.8901,4393220000
2026-04-13,^GSPC,6806.4702,6887.0,6790.02,6886.2402,6886.2402,4785840000
2026-04-14,^GSPC,6910.2002,6969.4199,6905.1699,6967.3799,6967.3799,5032380000
2026-04-15,^GSPC,6978.1699,7026.2402,6967.1299,7022.9502,7022.9502,5278610000
2026-04-16,^GSPC,7037.7798,7051.23,7008.52,7041.2798,7041.2798,5173650000
2026-04-17,^GSPC,7074.5498,7147.52,7074.5498,7126.0601,7126.0601,6145300000
2026-04-20,^GSPC,7117.0498,7122.6499,7084.4102,7109.1401,7109.1401,4661130000
2026-04-21,^GSPC,7122.6401,7137.27,7050.2002,7064.0098,7064.0098,5160270000
2026-04-22,^GSPC,7102.9102,7138.6401,7102.9102,7137.8999,7137.8999,4919460000
2026-04-23,^GSPC,7118.7998,7147.7798,7046.5498,7108.3999,7108.3999,5307260000
2026-04-24,^GSPC,7136.48,7168.5898,7112.8198,7165.0801,7165.0801,4608830000
2026-04-27,^GSPC,7152.7202,7178.7402,7146.7202,7173.9102,7173.9102,4783750000
2026-04-28,^GSPC,7133.7402,7152.52,7115.1699,7138.7998,7138.7998,4900650000
2026-04-29,^GSPC,7131.6099,7145.6299,7107.8599,7135.9502,7135.9502,5123100000
2026-04-30,^GSPC,7161.75,7219.8301,7126.1499,7209.0098,7209.0098,5723790000
2026-05-01,^GSPC,7234.54,7272.52,7229.3198,7230.1201,7230.1201,4847390000
2026-05-04,^GSPC,7228.3799,7244.54,7174.1201,7200.75,7200.75,5215480000
2026-05-05,^GSPC,7233.6201,7273.2598,7233.6201,7259.2202,7259.2202,5279760000
2026-05-06,^GSPC,7294.1401,7369.2202,7294.1401,7365.1201,7365.1201,6579640000
2026-05-07,^GSPC,7376.7798,7385.02,7321.25,7337.1099,7337.1099,6237040000
2026-05-08,^GSPC,7362.9702,7401.5,7362.9702,7398.9302,7398.9302,5302740000
2026-05-11,^GSPC,7385.3101,7428.9702,7384.2002,7412.8398,7412.8398,5821910000
2026-05-12,^GSPC,7390.6299,7409.5698,7338.54,7400.96,7400.96,5624790000
2026-05-13,^GSPC,7409.1201,7460.04,7375.1299,7444.25,7444.25,5716600000
2026-05-14,^GSPC,7454.3999,7517.1201,7454.3999,7501.2402,7501.2402,5267050000
2026-05-15,^GSPC,7445.1099,7454.8501,7397.5,7408.5,7408.5,5582070000
2026-05-18,^GSPC,7415.0698,7434.0601,7353.1699,7403.0498,7403.0498,5489500000
2026-05-19,^GSPC,7375.75,7395.3198,7333.6802,7353.6099,7353.6099,5441140000
2026-05-20,^GSPC,7369.1899,7435.6899,7357.46,7432.9702,7432.9702,5384150000
2026-05-21,^GSPC,7410.7798,7465.96,7389.48,7445.7202,7445.7202,5440620000
2026-05-22,^GSPC,7468.8198,7506.3198,7463.29,7473.4702,7473.4702,4952440000
2026-05-26,^GSPC,7511.79,7539.0898,7501.1001,7519.1201,7519.1201,5496060000
2026-05-27,^GSPC,7526.0098,7530.7202,7499.7202,7520.3599,7520.3599,5524250000
2026-05-28,^GSPC,7519.8198,7568.7202,7508.04,7563.6299,7563.6299,5494860000
2026-05-29,^GSPC,7579.3301,7599.3799,7563.5498,7580.0601,7580.0601,7858290000
2026-06-01,^GSPC,7582.29,7617.6602,7562.6099,7599.96,7599.96,6583960000
2026-06-02,^GSPC,7595.3999,7620.8999,7582.9902,7609.7798,7609.7798,5904410000
2026-06-03,^GSPC,7605.3101,7605.3501,7551.2202,7553.6802,7553.6802,5753860000
2026-06-04,^GSPC,7516.54,7598.1899,7516.54,7584.3101,7584.3101,5398910000
2026-06-05,^GSPC,7537.3599,7541.8101,7368.6299,7383.7402,7383.7402,5591290000
2026-06-08,^GSPC,7440.5698,7466.8101,7395.1299,7405.73,7405.73,4898180000
2026-06-09,^GSPC,7438.6602,7483.1499,7237.8501,7386.6499,7386.6499,6006390000
2026-06-10,^GSPC,7350.54,7396.5601,7265.9302,7266.9902,7266.9902,5247300000
2026-06-11,^GSPC,7287.6699,7412.6802,7257.3301,7394.2998,7394.2998,5658920000
2026-06-12,^GSPC,7410.8501,7456.3999,7363.0098,7431.46,7431.46,4950530000
2026-06-15,^GSPC,7516.75,7577.9199,7516.75,7554.29,7554.29,5674670000
2026-06-16,^GSPC,7548.7798,7564.96,7508.6802,7511.3501,7511.3501,5286210000
2026-06-17,^GSPC,7524.5,7532.1699,7402.6099,7420.1001,7420.1001,5883740000
2026-06-18,^GSPC,7487.3599,7511.0698,7468.3198,7500.5801,7500.5801,9061110000
2026-06-22,^GSPC,7500.4399,7530.0098,7460.0098,7472.79,7472.79,5976740000
2026-06-23,^GSPC,7366.5098,7424.1699,7347.6001,7365.46,7365.46,5640530000
2026-06-24,^GSPC,7370.8799,7428.0601,7336.8198,7358.2202,7358.2202,5994860000
2026-06-25,^GSPC,7404.9102,7419.0801,7323.5,7357.4902,7357.4902,5565760000
2026-06-26,^GSPC,7312.7402,7392.9502,7294.1802,7354.02,7354.02,9105600000
2026-06-29,^GSPC,7391.8799,7444.3198,7348.8799,7440.4302,7440.4302,5794570000
2026-06-30,^GSPC,7441.27,7508.29,7438.04,7499.3599,7499.3599,6037540000
2026-07-01,^GSPC,7478.8398,7521.8101,7449.6299,7483.23,7483.23,5782730000
2026-07-02,^GSPC,7495.1401,7540.75,7427.5498,7483.2402,7483.2402,5463520000
2026-07-06,^GSPC,7506.96,7551.3101,7500.9702,7537.4302,7537.4302,4971110000
2026-07-07,^GSPC,7516.6299,7536.0601,7478.6299,7503.8501,7503.8501,5049590000
2026-07-08,^GSPC,7476.54,7488.5098,7421.8198,7482.71,7482.71,5102020000
2026-07-09,^GSPC,7491.6001,7546.8901,7481.73,7543.6401,7543.6401,4442950000
2026-07-10,^GSPC,7547.6401,7579.9302,7508.1602,7575.3901,7575.3901,4006370000
2026-07-13,^GSPC,7547.5298,7565.3701,7506.4102,7515.3398,7515.3398,4729990000
2026-07-14,^GSPC,7536.7002,7557.4399,7513.23,7543.5898,7543.5898,4836950000
2026-07-15,^GSPC,7571.7202,7581.5,7526.9502,7572.3999,7572.3999,5236550000
2026-07-16,^GSPC,7558.7998,7570.7402,7504.02,7533.77,7533.77,5365300000
2026-07-17,^GSPC,7447.52,7498.4702,7431.2598,7457.6899,7457.6899,5303290000
2026-07-20,^GSPC,7489.1802,7513.23,7440.5298,7443.2798,7443.2798,5152910000
2026-07-21,^GSPC,7489.9502,7515.3101,7467.8599,7509.2002,7509.2002,5149030000
2026-07-22,^GSPC,7497.4702,7525.9399,7485.8501,7498.96,7498.96,4890390000
2026-07-23,^GSPC,7418.29,7450.1201,7376.0,7408.2998,7408.2998,5515210000
2026-07-24,^GSPC,7406.2998,7460.98,7396.5298,7411.98,7411.98,4860620000
2026-07-27,^GSPC,7464.2002,7480.5698,7382.7402,7413.1802,7413.1802,5038290000
2026-07-28,^GSPC,7395.5498,7452.0898,7382.9502,7428.7798,7428.7798,5590890000
2026-07-29,^GSPC,7418.1602,7450.8398,7313.9199,7316.1499,7316.1499,5836350000
2026-07-30,^GSPC,7390.4502,7448.75,7370.98,7437.6299,7437.6299,5594430000
2026-07-31,^GSPC,7462.1299,7512.04,7399.8301,7489.7202,7489.7202,5391020000
2026-08-03,^GSPC,7504.7798,7610.04,7504.7798,7600.5,7600.5,5201470000
2026-08-04,^GSPC,7630.6201,7758.21,7629.1001,7736.52,7736.52,5906940000
2026-08-05,^GSPC,7771.6201,7793.6802,7720.1699,7723.5498,7723.5498,5615640000
2026-08-06,^GSPC,7713.79,7742.8501,7698.1499,7709.96,7709.96,5330830000
2026-08-07,^GSPC,7735.1802,7763.0801,7719.1899,7757.6401,7757.6401,5019970000
2026-08-10,^GSPC,7751.7402,7773.7598,7743.1099,7753.1099,7753.1099,4879540000
2026-08-11,^GSPC,7767.5098,7767.5098,7717.25,7728.2002,7728.2002,4739500000
2026-08-12,^GSPC,7765.46,7766.0098,7737.9502,7748.5,7748.5,4574170000
2026-08-13,^GSPC,7763.1802,7816.7002,7763.1802,7798.9902,7798.9902,4833230000
2026-08-14,^GSPC,7806.6001,7810.0098,7776.3101,7785.7598,7785.7598,4159900000
2026-08-17,^GSPC,7790.6802,7790.6802,7744.8799,7745.0601,7745.0601,4452630000
2026-08-18,^GSPC,7700.04,7713.9502,7688.6299,7691.7598,7691.7598,4602700000
2026-08-19,^GSPC,7716.7402,7743.9302,7700.0698,7707.98,7707.98,5184100000
2026-08-20,^GSPC,7690.4902,7699.96,7639.0098,7641.1602,7641.1602,4759610000
2026-08-21,^GSPC,7665.6802,7697.1099,7660.0601,7674.3701,7674.3701,4497270000
2026-08-24,^GSPC,7663.3799,7670.2998,7638.1699,7652.8599,7652.8599,4400800000
2026-08-25,^GSPC,7676.6602,7686.1099,7650.9199,7677.2798,7677.2798,4260240000
2026-08-26,^GSPC,7666.8799,7690.73,7657.4102,7675.7002,7675.7002,4100600000
2026-08-27,^GSPC,7710.3398,7741.27,7689.8901,7730.9902,7730.9902,4362240000
2026-08-28,^GSPC,7735.1699,7771.48,7700.9102,7711.7598,7711.7598,4297560000
2026-08-31,^GSPC,7697.52,7697.52,7665.0601,7686.1401,7686.1401,5386090000
2026-09-01,^GSPC,7635.4702,7663.6299,7611.2002,7631.4702,7631.4702,4858180000
2026-09-02,^GSPC,7634.5801,7681.1899,7633.6201,7666.6001,7666.6001,4738910000
2026-09-03,^GSPC,7686.71,7756.7598,7686.71,7747.71,7747.71,4726400000
2026-09-04,^GSPC,7750.1899,7750.1899,7706.1201,7718.6001,7718.6001,4103570000
2026-09-08,^GSPC,7717.8101,7717.8101,7666.9902,7673.52,7673.52,4966930000
2026-09-09,^GSPC,7660.6802,7660.6802,7624.1602,7636.3599,7636.3599,4896940000
2026-09-10,^GSPC,7594.7402,7612.8599,7580.0601,7591.7002,7591.7002,4893500000
2026-09-11,^GSPC,7636.75,7677.02,7636.75,7656.98,7656.98,4722480000
2026-09-14,^GSPC,7611.4399,7647.9902,7592.2798,7619.98,7619.98,4963750000
2026-09-15,^GSPC,7612.2998,7617.2598,7572.6899,7585.73,7585.73,5154930000
2026-09-16,^GSPC,7601.25,7626.79,7507.77,7551.8101,7551.8101,5307920000
2026-09-17,^GSPC,7631.4399,7646.8599,7611.8101,7637.7598,7637.7598,5058210000
2026-09-18,^GSPC,7657.1699,7657.1699,7610.52,7650.5,7650.5,8858350000
2026-09-21,^GSPC,7692.8301,7779.2202,7691.1899,7764.7002,7764.7002,4828050000
2026-09-22,^GSPC,7770.8101,7782.1899,7756.2598,7764.6401,7764.6401,5286270000
2026-09-23,^GSPC,7761.9399,7761.9399,7694.8901,7706.0298,7706.0298,5110910000
2026-09-24,^GSPC,7666.9902,7719.0098,7662.5698,7704.1299,7704.1299,5316390000
2026-09-25,^GSPC,7709.8599,7752.0698,7693.0801,7743.4102,7743.4102,4499180000
2026-09-28,^GSPC,7721.7002,7724.1499,7666.6001,7683.6899,7683.6899,5129710000
2026-09-29,^GSPC,7699.6001,7699.6001,7653.5498,7670.8398,7670.8398,5023590000
2026-09-30,^GSPC,7688.9902,7722.8799,7651.54,7651.54,7651.54,4276550000
2026-10-01,^GSPC,7666.4702,7684.75,7616.7798,7666.4502,7666.4502,5783800000
2026-10-02,^GSPC,7726.2402,7754.6699,7700.5098,7722.7202,7722.7202,5277430000
2025-10-06,QQQ,608.45,609.36,605.97,607.71,604.868,41962100
2025-10-07,QQQ,609.02,609.71,603.03,604.51,601.683,58209500
2025-10-08,QQQ,605.41,611.75,605.26,611.44,608.5805,50629800
2025-10-09,QQQ,611.48,611.61,607.48,610.7,607.8441,45551000
2025-10-10,QQQ,611.4,613.18,589.05,589.5,586.7432,97614800
2025-10-13,QQQ,599.68,602.95,597.23,602.01,599.1947,65872600
2025-10-14,QQQ,595.31,602.69,590.13,598.0,595.2034,69203200
2025-10-15,QQQ,604.01,606.7,595.93,602.22,599.4036,62805500
2025-10-16,QQQ,605.11,608.31,595.5,599.99,597.1841,70982000
2025-10-17,QQQ,597.95,605.51,596.37,603.93,601.1057,72024900
2025-10-20,QQQ,607.14,612.8,607.07,611.54,608.6801,45761700
2025-10-21,QQQ,611.64,612.72,609.32,611.38,608.5209,44538200
2025-10-22,QQQ,610.82,611.41,599.74,605.49,602.6584,61478800
2025-10-23,QQQ,604.91,611.37,604.52,610.58,607.7246,42844300
2025-10-24,QQQ,615.99,618.42,615.13,617.1,614.2141,47632500
2025-10-27,QQQ,624.52,628.55,624.03,628.09,625.1527,54098600
2025-10-28,QQQ,630.36,634.68,629.25,632.92,629.9601,61195700
2025-10-29,QQQ,635.59,637.01,630.25,635.77,632.7968,67422800
2025-10-30,QQQ,632.17,633.5,625.94,626.05,623.1223,61628600
2025-10-31,QQQ,634.17,634.2,626.69,629.07,626.1281,66305100
2025-11-03,QQQ,635.11,635.82,629.85,632.08,629.1241,37154300
2025-11-04,QQQ,623.28,626.95,618.46,619.25,616.354,63830800
2025-11-05,QQQ,618.49,626.6,617.21,623.28,620.3652,48688500
2025-11-06,QQQ,621.79,622.04,610.3,611.67,608.8094,72115100
2025-11-07,QQQ,608.31,609.95,598.67,609.74,606.8885,81835400
2025-11-10,QQQ,618.92,624.31,616.89,623.23,620.3154,55919900
2025-11-11,QQQ,620.57,622.72,617.52,621.57,618.6632,44868800
2025-11-12,QQQ,624.84,624.86,617.81,621.08,618.1755,47444400
2025-11-13,QQQ,617.54,618.12,606.08,608.4,605.5548,71333600
2025-11-14,QQQ,599.55,613.35,597.17,608.86,606.0127,80087300
2025-11-17,QQQ,606.3,612.48,599.87,603.66,600.837,63850400
2025-11-18,QQQ,599.62,602.31,591.34,596.31,593.5213,83327300
2025-11-19,QQQ,597.07,606.16,594.59,599.87,597.0647,73111500
2025-11-20,QQQ,611.62,614.03,584.75,585.67,582.9311,117743200
2025-11-21,QQQ,587.47,596.98,580.74,590.07,587.3105,103344200
2025-11-24,QQQ,595.28,606.68,595.16,605.16,602.3299,60168100
2025-11-25,QQQ,603.51,610.26,597.32,608.89,606.0425,57560900
2025-11-26,QQQ,612.51,616.19,610.39,614.27,611.3974,42393600
2025-11-28,QQQ,616.11,619.32,615.42,619.25,616.354,23034400
2025-12-01,QQQ,613.63,619.44,612.52,617.17,614.2838,40957600
2025-12-02,QQQ,619.46,623.75,617.59,622.0,619.0912,54541800
2025-12-03,QQQ,619.62,624.22,618.03,623.52,620.6041,47841600
2025-12-04,QQQ,624.93,624.94,619.54,622.94,620.0267,47067800
2025-12-05,QQQ,624.38,628.92,623.71,625.48,622.5549,53614200
2025-12-08,QQQ,627.21,628.84,621.69,624.28,621.3605,43462400
2025-12-09,QQQ,623.01,625.87,621.0,625.05,622.127,37156000
2025-12-10,QQQ,623.85,629.21,620.99,627.61,624.6749,55031400
2025-12-11,QQQ,623.82,625.78,617.72,625.58,622.6545,58272800
2025-12-12,QQQ,622.08,623.54,611.36,613.62,610.7503,75158700
2025-12-15,QQQ,618.37,618.42,609.32,610.54,607.6848,49538200
2025-12-16,QQQ,608.26,613.51,606.91,611.75,608.8892,55152800
2025-12-17,QQQ,613.06,613.65,600.28,600.41,597.6021,70654300
2025-12-18,QQQ,609.8,612.93,606.92,609.11,606.2614,78875800
2025-12-19,QQQ,611.95,617.62,611.87,617.05,614.1643,60369800
2025-12-22,QQQ,621.35,621.65,617.77,619.21,617.1083,43703100
2025-12-23,QQQ,618.2,622.41,617.78,622.11,619.9984,41120400
2025-12-24,QQQ,621.99,624.28,621.72,623.93,621.8123,18468700
2025-12-26,QQQ,624.66,625.52,623.14,623.89,621.7725,28959800
2025-12-29,QQQ,620.1,622.78,618.73,620.87,618.7626,32458300
2025-12-30,QQQ,619.84,622.18,619.22,619.43,617.3276,31226800
2025-12-31,QQQ,619.65,619.96,614.05,614.31,612.2249,40746500
2026-01-02,QQQ,620.06,622.85,610.15,613.12,611.0389,61859200
2026-01-05,QQQ,619.32,620.81,616.72,617.99,615.8924,46828400
2026-01-06,QQQ,619.23,624.02,618.54,623.42,621.304,43137500
2026-01-07,QQQ,623.04,627.94,622.56,624.02,621.902,44880300
2026-01-08,QQQ,623.03,623.42,617.8,620.47,618.364,50435900
2026-01-09,QQQ,621.41,627.89,619.06,626.65,624.5231,49688700
2026-01-12,QQQ,622.31,628.85,622.26,627.17,625.0413,37388700
2026-01-13,QQQ,627.27,629.47,623.7,626.24,624.1144,44481400
2026-01-14,QQQ,622.24,623.45,614.56,619.55,617.4471,72598700
2026-01-15,QQQ,626.6,630.0,620.75,621.78,619.6696,53934900
2026-01-16,QQQ,625.5,626.08,618.88,621.26,619.1514,61058100
2026-01-20,QQQ,610.53,615.06,607.05,608.06,605.9962,81988900
2026-01-21,QQQ,609.47,620.42,607.86,616.28,614.1883,79837900
2026-01-22,QQQ,622.35,622.46,617.78,620.76,618.653,42254800
2026-01-23,QQQ,619.73,625.4,618.65,622.72,620.6064,43645800
2026-01-26,QQQ,623.21,627.61,622.12,625.46,623.3371,35983000
2026-01-27,QQQ,628.91,632.04,627.34,631.13,628.9879,38997200
2026-01-28,QQQ,635.46,636.6,631.81,633.22,631.0707,50691700
2026-01-29,QQQ,632.65,633.67,618.27,629.43,627.2936,79944000
2026-01-30,QQQ,625.71,628.26,619.3,621.87,619.7592,65650700
2026-02-02,QQQ,618.7,628.49,618.66,626.14,624.0148,49020300
2026-02-03,QQQ,628.3,629.98,610.96,616.52,614.4274,81234000
2026-02-04,QQQ,615.02,615.1,600.47,605.75,603.694,81850700
2026-02-05,QQQ,600.21,604.81,594.76,597.03,595.0036,89354500
2026-02-06,QQQ,600.19,611.41,598.77,609.65,607.5807,78019300
2026-02-09,QQQ,607.54,616.46,605.07,614.32,612.2349,56797600
2026-02-10,QQQ,615.31,617.02,611.01,611.47,609.3946,53938900
2026-02-11,QQQ,616.38,617.52,607.69,613.11,611.029,58575100
2026-02-12,QQQ,614.71,615.81,599.57,600.64,598.6013,81378900
2026-02-13,QQQ,600.43,606.48,596.42,601.92,599.877,69237500
2026-02-17,QQQ,598.38,603.95,593.34,601.3,599.259,69013800
2026-02-18,QQQ,602.11,609.77,600.72,605.79,603.7338,64250700
2026-02-19,QQQ,602.81,605.82,600.75,603.47,601.4217,60960800
2026-02-20,QQQ,600.12,610.35,599.23,608.81,606.7437,74127300
2026-02-23,QQQ,606.61,608.01,599.05,601.41,599.3687,63859100
2026-02-24,QQQ,602.4,608.99,599.73,607.87,605.8068,55023700
2026-02-25,QQQ,611.07,616.83,611.0,616.68,614.5869,55710700
2026-02-26,QQQ,615.59,615.59,603.98,609.24,607.1722,96178900
2026-02-27,QQQ,602.98,608.32,602.19,607.29,605.2288,68125200
2026-03-02,QQQ,598.86,609.92,597.99,608.09,606.026,75264600
2026-03-03,QQQ,596.33,603.96,591.87,601.58,599.5381,97015500
2026-03-04,QQQ,604.16,612.88,603.43,610.75,608.6771,70943900
2026-03-05,QQQ,607.4,612.76,602.26,608.91,606.8433,89602400
2026-03-06,QQQ,600.31,606.0,598.33,599.75,597.7143,86302300
2026-03-09,QQQ,594.23,609.27,591.33,607.76,605.6971,93068200
2026-03-10,QQQ,607.78,613.29,605.42,607.77,605.7072,64078900
2026-03-11,QQQ,608.95,612.43,605.03,607.69,605.6274,60114800
2026-03-12,QQQ,602.76,604.14,597.05,597.26,595.2328,71836600
2026-03-13,QQQ,599.73,603.6,592.57,593.72,591.7048,63145500
2026-03-16,QQQ,600.04,603.86,599.11,600.38,598.3422,49077200
2026-03-17,QQQ,603.14,605.9,601.87,603.31,601.2623,47106600
2026-03-18,QQQ,601.49,603.16,594.56,594.9,592.8808,56128000
2026-03-19,QQQ,589.51,595.8,587.08,593.02,591.0072,75597600
2026-03-20,QQQ,591.06,591.17,578.54,582.06,580.0844,91964700
2026-03-23,QQQ,590.52,595.08,585.96,588.0,586.7432,89936100
2026-03-24,QQQ,584.81,587.93,581.93,583.98,582.7317,57750900
2026-03-25,QQQ,589.14,591.37,585.69,587.82,586.5635,60475500
2026-03-26,QQQ,582.6,584.63,573.43,573.79,572.5635,81492100
2026-03-27,QQQ,570.81,571.02,561.57,562.58,561.3774,82702200
2026-03-30,QQQ,567.38,568.05,555.6,558.28,557.0867,70602600
2026-03-31,QQQ,564.29,578.64,564.21,577.18,575.9462,95878000
2026-04-01,QQQ,581.48,587.74,580.42,584.31,583.061,79435100
2026-04-02,QQQ,573.97,586.05,571.92,584.98,583.7296,50941700
2026-04-06,QQQ,586.23,590.61,584.69,588.5,587.2421,35108500
2026-04-07,QQQ,585.64,588.98,578.4,588.59,587.3319,49948200
2026-04-08,QQQ,608.71,609.9,602.12,606.09,604.7945,63086000
2026-04-09,QQQ,605.93,610.5,603.03,610.19,608.8857,37837500
2026-04-10,QQQ,611.84,613.67,609.58,611.07,609.7638,34038500
2026-04-13,QQQ,609.48,626.74,608.11,617.39,616.0704,32972100
2026-04-14,QQQ,620.22,628.6,620.1,628.6,627.2563,49921100
2026-04-15,QQQ,629.08,637.83,628.2,637.4,636.0375,50102400
2026-04-16,QQQ,639.21,642.18,635.26,640.47,639.101,42320600
2026-04-17,QQQ,645.59,650.0,644.07,648.85,647.463,53488900
2026-04-20,QQQ,648.04,648.76,642.52,646.79,645.4074,37138500
2026-04-21,QQQ,648.41,650.2,642.21,644.33,642.9528,39580500
2026-04-22,QQQ,650.15,655.33,648.52,655.11,653.7097,37368400
2026-04-23,QQQ,653.55,656.92,645.52,651.42,650.0275,40099800
2026-04-24,QQQ,658.51,664.51,656.53,663.88,662.4609,45563100
2026-04-27,QQQ,663.4,664.43,660.69,664.23,662.8102,32717000
2026-04-28,QQQ,657.41,659.64,653.81,657.55,656.1445,34147900
2026-04-29,QQQ,658.63,661.72,656.59,661.57,660.1559,31724900
2026-04-30,QQQ,665.35,668.9,657.56,667.74,666.3127,40622200
2026-05-01,QQQ,669.16,675.97,668.8,674.15,672.709,39172600
2026-05-04,QQQ,674.66,676.73,668.9,672.88,671.4417,34542000
2026-05-05,QQQ,677.96,682.77,677.51,681.61,680.153,37101100
2026-05-06,QQQ,687.78,695.93,686.48,695.77,694.2828,38778500
2026-05-07,QQQ,696.58,701.24,691.77,694.94,693.4545,43779100
2026-05-08,QQQ,699.92,711.23,699.5,711.23,709.7097,44320400
2026-05-11,QQQ,710.36,714.59,708.91,713.29,711.7653,36019100
2026-05-12,QQQ,708.22,710.18,696.64,707.24,705.7282,45873000
2026-05-13,QQQ,709.96,716.65,704.83,714.71,713.1823,40012500
2026-05-14,QQQ,714.62,722.03,714.22,719.79,718.2514,33327500
2026-05-15,QQQ,710.14,715.13,705.55,708.93,707.4146,51792700
2026-05-18,QQQ,711.54,712.07,698.85,705.88,704.3712,49834500
2026-05-19,QQQ,699.81,706.49,695.25,701.53,700.0305,46827500
2026-05-20,QQQ,705.29,713.15,703.79,713.15,711.6256,36779200
2026-05-21,QQQ,708.99,717.12,706.77,714.51,712.9827,36415400
2026-05-22,QQQ,718.07,722.12,715.95,717.54,716.0062,33118600
2026-05-26,QQQ,725.96,731.17,724.16,730.28,728.719,34254700
2026-05-27,QQQ,732.96,733.32,725.44,729.45,727.8907,35148700
2026-05-28,QQQ,729.73,736.6,726.41,735.6,734.0276,32840000
2026-05-29,QQQ,737.84,741.63,735.25,738.31,736.7318,37541700
2026-06-01,QQQ,737.04,745.65,735.99,742.74,741.1523,33890600
2026-06-02,QQQ,742.4,746.44,739.23,746.16,744.565,30085200
2026-06-03,QQQ,747.31,748.65,741.01,744.21,742.6193,40270200
2026-06-04,QQQ,735.48,743.5,732.62,740.61,739.0269,40782600
2026-06-05,QQQ,730.06,731.69,704.32,705.06,703.5529,99606600
2026-06-08,QQQ,717.81,723.03,713.07,716.07,714.5394,47401500
2026-06-09,QQQ,722.98,725.66,686.37,707.83,706.317,91932200
2026-06-10,QQQ,701.66,711.28,692.93,693.69,692.2072,65334300
2026-06-11,QQQ,699.29,718.37,695.0,717.12,715.5872,71798900
2026-06-12,QQQ,717.61,724.01,711.28,721.34,719.7982,51168400
2026-06-15,QQQ,738.1,744.76,737.38,744.0,742.4097,46710200
2026-06-16,QQQ,742.25,744.22,729.64,729.86,728.2999,45348700
2026-06-17,QQQ,735.19,735.68,720.85,722.51,720.9656,51669300
2026-06-18,QQQ,737.2,741.82,732.51,740.62,739.0369,50154600
2026-06-22,QQQ,742.02,745.45,734.39,737.95,737.1818,43518600
2026-06-23,QQQ,715.74,723.61,712.11,713.65,712.9072,53354200
2026-06-24,QQQ,715.37,719.93,704.45,710.62,709.8803,52480400
2026-06-25,QQQ,725.9,726.83,705.3,716.38,715.6343,49668000
2026-06-26,QQQ,707.13,715.56,702.81,706.52,705.7846,47081800
2026-06-29,QQQ,713.99,724.58,705.17,724.08,723.3263,44939100
2026-06-30,QQQ,724.18,737.62,723.91,736.4,735.6335,42121800
2026-07-01,QQQ,729.19,731.92,724.6,725.17,724.4151,40803800
2026-07-02,QQQ,725.58,730.83,707.56,712.6,711.8582,50959800
2026-07-06,QQQ,719.93,726.08,718.45,722.82,722.0676,30220400
2026-07-07,QQQ,714.17,716.35,704.9,709.43,708.6915,42483100
2026-07-08,QQQ,704.95,712.26,700.91,711.44,710.6995,35603200
2026-07-09,QQQ,718.33,724.23,715.13,723.28,722.5272,33654700
2026-07-10,QQQ,720.7,726.39,717.0,725.51,724.7548,26415900
2026-07-13,QQQ,717.72,718.74,710.08,711.74,710.9991,36552400
2026-07-14,QQQ,720.22,722.29,714.34,719.69,718.9409,29448100
2026-07-15,QQQ,723.85,724.36,710.23,717.74,716.9929,32627600
2026-07-16,QQQ,712.01,713.6,702.61,705.94,705.2051,39402000
2026-07-17,QQQ,691.65,702.3,686.76,695.33,694.6062,54109300
2026-07-20,QQQ,702.16,705.8,695.51,696.06,695.3354,29687600
2026-07-21,QQQ,706.57,710.05,702.8,708.97,708.232,33728300
2026-07-22,QQQ,703.62,709.65,703.62,705.35,704.6157,23692200
2026-07-23,QQQ,694.67,698.66,687.79,691.96,691.2397,44028600
2026-07-24,QQQ,690.41,692.63,682.48,684.23,683.5178,42876700
2026-07-27,QQQ,691.68,692.3,675.95,682.12,681.41,42681500
2026-07-28,QQQ,676.23,679.4,667.88,675.49,674.7869,51398700
2026-07-29,QQQ,675.51,680.05,661.14,661.73,661.0411,57233300
2026-07-30,QQQ,674.76,685.12,673.3,683.55,682.8384,66753700
2026-07-31,QQQ,692.11,695.77,680.05,687.99,687.2739,50540500
2026-08-03,QQQ,688.3,701.59,685.82,700.07,699.3413,44965100
2026-08-04,QQQ,708.16,725.66,707.53,723.85,723.0965,59778600
2026-08-05,QQQ,726.25,728.54,716.92,717.3,716.5533,33540200
2026-08-06,QQQ,710.82,719.32,708.5,714.65,713.9061,33035900
2026-08-07,QQQ,720.15,723.63,716.51,723.03,722.2774,31070400
2026-08-10,QQQ,722.39,724.67,720.33,720.87,720.1196,26243200
2026-08-11,QQQ,723.29,723.35,715.5,718.45,717.7021,29286100
2026-08-12,QQQ,727.08,727.25,722.92,723.7,722.9467,29066000
2026-08-13,QQQ,725.15,733.96,724.03,732.07,731.308,31599700
2026-08-14,QQQ,733.41,734.39,728.32,731.07,730.309,23790600
2026-08-17,QQQ,732.95,734.58,729.27,729.87,729.1102,26452600
2026-08-18,QQQ,720.21,722.13,715.92,717.51,716.7631,48997200
2026-08-19,QQQ,720.39,721.5,712.61,716.08,715.3346,35801700
2026-08-20,QQQ,712.09,714.94,708.52,710.93,710.1899,33396400
2026-08-21,QQQ,715.23,715.67,709.2,713.44,712.6974,33399400
2026-08-24,QQQ,709.66,709.79,702.7,706.32,705.5848,37443100
2026-08-25,QQQ,711.22,714.04,707.45,710.72,709.9802,23869600
2026-08-26,QQQ,708.41,713.02,707.97,711.37,710.6295,20392400
2026-08-27,QQQ,716.93,721.35,714.53,721.11,720.3594,28723500
2026-08-28,QQQ,719.74,724.13,715.09,716.43,715.6843,34105400
2026-08-31,QQQ,715.17,717.58,713.16,716.76,716.0139,32237200
2026-09-01,QQQ,707.39,712.3,704.66,707.64,706.9034,35236100
2026-09-02,QQQ,707.1,709.8,705.1,709.24,708.5017,23476200
2026-09-03,QQQ,710.85,718.92,709.69,717.67,716.9229,29449800
2026-09-04,QQQ,719.35,721.86,716.56,718.96,718.2116,32871100
2026-09-08,QQQ,720.91,721.89,715.57,718.36,717.6122,28341400
2026-09-09,QQQ,716.4,719.7,714.02,716.31,715.5644,26763400
2026-09-10,QQQ,707.55,712.06,706.86,708.69,707.9523,31414400
2026-09-11,QQQ,715.68,717.63,713.63,714.88,714.1359,26649100
2026-09-14,QQQ,703.33,712.95,702.74,709.18,708.4418,35219000
2026-09-15,QQQ,708.8,709.53,703.64,704.54,703.8066,26631700
2026-09-16,QQQ,708.0,711.88,700.0,704.72,703.9864,35688000
2026-09-17,QQQ,715.95,718.04,713.32,716.92,716.1737,37270300
2026-09-18,QQQ,718.83,721.73,715.08,721.45,720.699,48478700
2026-09-21,QQQ,727.89,743.22,727.81,741.47,741.47,46730600
2026-09-22,QQQ,740.98,748.35,740.93,747.46,747.46,40128800
2026-09-23,QQQ,746.97,747.13,738.19,741.21,741.21,33191800
2026-09-24,QQQ,735.29,742.66,734.62,741.1,741.1,29000900
2026-09-25,QQQ,742.83,745.92,739.64,744.5,744.5,30283800
2026-09-28,QQQ,740.46,741.42,731.63,736.53,736.53,41775000
2026-09-29,QQQ,740.15,740.58,735.34,737.93,737.93,27052300
2026-09-30,QQQ,740.19,745.1,739.46,739.77,739.77,29820400
2026-10-01,QQQ,742.51,744.67,736.25,742.03,742.03,35728900
2026-10-02,QQQ,751.31,754.54,747.53,749.58,749.58,34467100
2025-10-06,^N225,46636.0703,48150.0391,46592.9883,47944.7617,47944.7617,178300000
2025-10-07,^N225,48281.1211,48527.3281,47904.3789,47950.8789,47950.8789,154200000
2025-10-08,^N225,47925.2188,48181.1211,47728.2695,47734.9883,47734.9883,142200000
2025-10-09,^N225,48035.4219,48597.0781,47995.2188,48580.4414,48580.4414,138500000
2025-10-10,^N225,48510.7188,48510.7188,47962.6094,48088.8008,48088.8008,150700000
2025-10-14,^N225,47446.7305,47865.6484,46544.0508,46847.3203,46847.3203,170300000
2025-10-15,^N225,47002.3008,47774.8281,46910.8281,47672.6719,47672.6719,118400000
2025-10-16,^N225,48107.4414,48317.3398,47937.7188,48277.7383,48277.7383,121100000
2025-10-17,^N225,47820.9688,48140.8984,47494.3086,47582.1484,47582.1484,124800000
2025-10-20,^N225,48332.7109,49185.5,48254.8281,49185.5,49185.5,121000000
2025-10-21,^N225,49675.4297,49945.9492,49127.1992,49316.0586,49316.0586,124500000
2025-10-22,^N225,49252.0312,49458.2812,48613.6992,49307.7891,49307.7891,141100000
2025-10-23,^N225,48866.5781,48866.5781,48399.0508,48641.6094,48641.6094,107600000
2025-10-24,^N225,49095.2695,49435.3086,48965.7812,49299.6484,49299.6484,109100000
2025-10-27,^N225,49905.8008,50549.6016,49838.9805,50512.3203,50512.3203,122100000
2025-10-28,^N225,50357.1484,50485.8008,50107.7695,50219.1797,50219.1797,119500000
2025-10-29,^N225,50453.6406,51412.9688,50365.6211,51307.6484,51307.6484,129700000
2025-10-30,^N225,51146.2695,51657.2812,50972.5586,51325.6094,51325.6094,230900000
2025-10-31,^N225,51629.8008,52411.3398,51613.0312,52411.3398,52411.3398,180300000
2025-11-04,^N225,52294.3086,52636.8711,51497.1992,51497.1992,51497.1992,190100000
2025-11-05,^N225,51291.3906,51422.4219,49073.5781,50212.2695,50212.2695,219700000
2025-11-06,^N225,50792.5508,51248.2812,50594.1914,50883.6797,50883.6797,171300000
2025-11-07,^N225,50524.3086,50642.7891,49640.5586,50276.3711,50276.3711,146700000
2025-11-10,^N225,50645.2695,50969.5,50392.4414,50911.7617,50911.7617,129700000
2025-11-11,^N225,51314.0391,51513.1602,50581.1719,50842.9297,50842.9297,125900000
2025-11-12,^N225,50988.5312,51072.2617,50537.5,51063.3086,51063.3086,150400000
2025-11-13,^N225,51013.1484,51338.8906,50954.2695,51281.8281,51281.8281,135700000
2025-11-14,^N225,50767.7383,50767.7383,50246.6016,50376.5312,50376.5312,149300000
2025-11-17,^N225,50282.3906,50398.1602,49845.8594,50323.9102,50323.9102,126000000
2025-11-18,^N225,49812.9492,49971.5508,48661.5195,48702.9805,48702.9805,137400000
2025-11-19,^N225,48822.8789,49087.1094,48235.3008,48537.6992,48537.6992,136500000
2025-11-20,^N225,49129.2891,50574.8203,49113.3906,49823.9414,49823.9414,139400000
2025-11-21,^N225,49251.2617,49459.5898,48490.0312,48625.8789,48625.8789,212200000
2025-11-25,^N225,49113.8203,49182.3203,48511.9492,48659.5195,48659.5195,144500000
2025-11-26,^N225,49012.25,49749.5898,48964.1914,49559.0703,49559.0703,134100000
2025-11-27,^N225,49868.7891,50322.1406,49865.1719,50167.1016,50167.1016,99300000
2025-11-28,^N225,50218.9609,50258.25,49989.5391,50253.9102,50253.9102,98200000
2025-12-01,^N225,50318.5898,50366.7383,49215.9609,49303.2812,49303.2812,118200000
2025-12-02,^N225,49494.5781,49636.7891,49243.5508,49303.4492,49303.4492,127100000
2025-12-03,^N225,49540.6406,50138.6016,49521.2305,49864.6797,49864.6797,119500000
2025-12-04,^N225,49942.9414,51028.4219,49910.0586,51028.4219,51028.4219,127300000
2025-12-05,^N225,50530.3398,50634.8516,50215.4102,50491.8711,50491.8711,119300000
2025-12-08,^N225,50643.0898,50678.0508,50224.6484,50581.9414,50581.9414,104400000
2025-12-09,^N225,50677.3594,50793.6914,50417.1094,50655.1016,50655.1016,107100000
2025-12-10,^N225,50878.6602,51107.7695,50329.2695,50602.8008,50602.8008,125100000
2025-12-11,^N225,50818.3906,50875.9805,49926.2695,50148.8203,50148.8203,109900000
2025-12-12,^N225,50480.2305,51127.6914,50457.4219,50836.5508,50836.5508,152200000
2025-12-15,^N225,50352.0898,50432.1016,49965.6797,50168.1094,50168.1094,121900000
2025-12-16,^N225,50051.2383,50051.2383,49355.8711,49383.2891,49383.2891,124600000
2025-12-17,^N225,49413.1914,49571.5,49077.8086,49512.2812,49512.2812,113200000
2025-12-18,^N225,49058.3086,49169.7891,48643.7812,49001.5,49001.5,116200000
2025-12-19,^N225,49387.7109,49766.9609,49257.1484,49507.2109,49507.2109,163300000
2025-12-22,^N225,50084.5508,50590.8789,49982.1992,50402.3906,50402.3906,112900000
2025-12-23,^N225,50374.4805,50544.5586,50264.4219,50412.8711,50412.8711,92700000
2025-12-24,^N225,50475.4805,50636.9492,50323.9219,50344.1016,50344.1016,83200000
2025-12-25,^N225,50450.1797,50510.1094,50283.7617,50407.7891,50407.7891,58300000
2025-12-26,^N225,50527.1289,50941.8906,50527.1289,50750.3906,50750.3906,81100000
2025-12-29,^N225,50691.2188,50707.2305,50347.6484,50526.9219,50526.9219,98000000
2025-12-30,^N225,50312.8516,50534.6406,50198.9688,50339.4805,50339.4805,93700000
2026-01-05,^N225,51010.2812,52033.2383,50995.6719,51832.8008,51832.8008,139400000
2026-01-06,^N225,52157.2188,52523.7695,52024.6211,52518.0781,52518.0781,151900000
2026-01-07,^N225,52144.6406,52404.1094,51830.3984,51961.9805,51961.9805,138600000
2026-01-08,^N225,51769.8281,51866.1914,51052.8281,51117.2617,51117.2617,135400000
2026-01-09,^N225,51367.9805,51986.9102,51189.1406,51939.8906,51939.8906,133100000
2026-01-13,^N225,52808.2891,53814.7891,52741.6406,53549.1602,53549.1602,168500000
2026-01-14,^N225,53827.2383,54487.3203,53792.6797,54341.2305,54341.2305,144500000
2026-01-15,^N225,54039.3984,54153.6094,53709.8711,54110.5,54110.5,150900000
2026-01-16,^N225,54071.2812,54130.6016,53706.7891,53936.1719,53936.1719,144300000
2026-01-19,^N225,53390.0508,53583.5703,53091.4492,53583.5703,53583.5703,122900000
2026-01-20,^N225,53348.5898,53408.3516,52852.8984,52991.1016,52991.1016,126800000
2026-01-21,^N225,52228.0781,52848.7812,52194.8086,52774.6406,52774.6406,139000000
2026-01-22,^N225,53327.3906,53922.5312,53242.3789,53688.8906,53688.8906,150900000
2026-01-23,^N225,53898.4492,54050.8398,53603.6797,53846.8711,53846.8711,129500000
2026-01-26,^N225,53023.2812,53138.6719,52656.0,52885.25,52885.25,138300000
2026-01-27,^N225,52847.5391,53334.0312,52637.6602,53333.5391,53333.5391,136700000
2026-01-28,^N225,53023.8789,53507.1797,52788.1016,53358.7109,53358.7109,149800000
2026-01-29,^N225,53301.2617,53742.6914,52990.4219,53375.6016,53375.6016,154500000
2026-01-30,^N225,53434.7305,53590.2383,52923.1211,53322.8516,53322.8516,156800000
2026-02-02,^N225,53575.3711,54247.1484,52655.1797,52655.1797,52655.1797,153800000
2026-02-03,^N225,53332.1797,54782.8281,53307.7383,54720.6602,54720.6602,156900000
2026-02-04,^N225,54250.4102,54459.4102,53965.5117,54293.3594,54293.3594,186300000
2026-02-05,^N225,54289.0508,54459.0781,53653.0586,53818.0391,53818.0391,213200000
2026-02-06,^N225,53435.3711,54253.6797,52950.1484,54253.6797,54253.6797,188900000
2026-02-09,^N225,55130.6289,57337.0703,55018.5703,56363.9414,56363.9414,205000000
2026-02-10,^N225,56812.0117,57960.1914,56812.0117,57650.5391,57650.5391,191500000
2026-02-12,^N225,57864.7383,58015.0781,57554.4883,57639.8398,57639.8398,190000000
2026-02-13,^N225,57197.3281,57407.25,56652.4805,56941.9688,56941.9688,210000000
2026-02-16,^N225,57212.9688,57219.1992,56748.1797,56806.4102,56806.4102,137400000
2026-02-17,^N225,56819.3711,56926.2383,56135.1211,56566.4883,56566.4883,132600000
2026-02-18,^N225,56734.2695,57392.8906,56734.2695,57143.8398,57143.8398,130100000
2026-02-19,^N225,57472.0781,57709.8203,57362.0117,57467.8281,57467.8281,135500000
2026-02-20,^N225,56979.7383,56979.7383,56680.8789,56825.6992,56825.6992,152400000
2026-02-24,^N225,56764.1406,57421.6719,56732.9297,57321.0898,57321.0898,157800000
2026-02-25,^N225,57695.3984,58875.1719,57656.5,58583.1211,58583.1211,167100000
2026-02-26,^N225,58995.3906,59332.4297,58577.8398,58753.3906,58753.3906,155300000
2026-02-27,^N225,58606.0312,58924.1719,58130.5703,58850.2695,58850.2695,192400000
2026-03-02,^N225,57976.1992,58365.2109,57285.7695,58057.2383,58057.2383,162400000
2026-03-03,^N225,57729.8008,57890.7617,56091.5391,56279.0508,56279.0508,179000000
2026-03-04,^N225,55470.8789,55701.2695,53618.1992,54245.5391,54245.5391,214000000
2026-03-05,^N225,55204.1602,56619.9805,54910.3281,55278.0586,55278.0586,184900000
2026-03-06,^N225,54674.6016,55686.5586,54513.4297,55620.8398,55620.8398,142800000
2026-03-09,^N225,54608.6289,54608.6289,51407.6602,52728.7188,52728.7188,219400000
2026-03-10,^N225,53524.0898,54694.8906,53487.1914,54248.3906,54248.3906,162500000
2026-03-11,^N225,54917.9297,55745.3789,54882.5781,55025.3711,55025.3711,146900000
2026-03-12,^N225,54387.8984,54733.0781,53796.0117,54452.9609,54452.9609,154100000
2026-03-13,^N225,53587.3008,54065.3086,53286.6914,53819.6094,53819.6094,169000000
2026-03-16,^N225,53627.8594,53983.5117,53113.9492,53751.1484,53751.1484,128800000
2026-03-17,^N225,54286.2617,54388.4297,53482.5898,53700.3906,53700.3906,117800000
2026-03-18,^N225,54148.8398,55239.3984,54148.8398,55239.3984,55239.3984,136700000
2026-03-19,^N225,54287.8008,54333.0195,53190.1797,53372.5312,53372.5312,200600000
2026-03-23,^N225,52468.7188,52479.8086,50688.7617,51515.4883,51515.4883,177100000
2026-03-24,^N225,52380.6016,52701.9883,51645.1484,52252.2812,52252.2812,131800000
2026-03-25,^N225,53015.8008,54022.8789,53015.8008,53749.6211,53749.6211,133700000
2026-03-26,^N225,53855.1289,54175.8008,53176.7695,53603.6484,53603.6484,124500000
2026-03-27,^N225,53239.5898,53714.8984,52516.9219,53373.0703,53373.0703,170500000
2026-03-30,^N225,52054.6797,52054.6797,50566.9883,51885.8516,51885.8516,183100000
2026-03-31,^N225,51382.5312,52169.0117,50558.9102,51063.7188,51063.7188,174500000
2026-04-01,^N225,51959.4688,53739.6797,51902.8398,53739.6797,53739.6797,165900000
2026-04-02,^N225,54066.8281,54258.4805,52273.0703,52463.2695,52463.2695,163200000
2026-04-03,^N225,53039.3984,53426.3086,52925.1016,53123.4883,53123.4883,104100000
2026-04-06,^N225,53205.9297,54039.3398,53205.9297,53413.6797,53413.6797,102500000
2026-04-07,^N225,53571.2812,53916.3516,53156.9414,53429.5586,53429.5586,118800000
2026-04-08,^N225,54386.6484,56424.6289,54380.0195,56308.4219,56308.4219,186700000
2026-04-09,^N225,56199.8594,56406.4883,55763.0508,55895.3203,55895.3203,154700000
2026-04-10,^N225,56265.7695,57012.7695,56251.1797,56924.1094,56924.1094,165000000
2026-04-13,^N225,56421.4609,56765.7188,56232.7812,56502.7695,56502.7695,135300000
2026-04-14,^N225,57085.6484,57979.8203,57010.1797,57877.3906,57877.3906,143700000
2026-04-15,^N225,58265.1797,58585.9492,58028.75,58134.2383,58134.2383,161000000
2026-04-16,^N225,58479.8281,59688.1016,58428.1914,59518.3398,59518.3398,150300000
2026-04-17,^N225,59255.0898,59381.25,58475.8984,58475.8984,58475.8984,140000000
2026-04-20,^N225,58821.1602,59169.1289,58687.9609,58824.8906,58824.8906,121500000
2026-04-21,^N225,59031.5117,59611.9102,59004.7617,59349.1719,59349.1719,129500000
2026-04-22,^N225,59104.1094,59708.2109,59005.4805,59585.8594,59585.8594,145700000
2026-04-23,^N225,59758.6406,60013.9805,58621.4805,59140.2305,59140.2305,165300000
2026-04-24,^N225,59407.4414,59763.6797,59225.3711,59716.1797,59716.1797,141400000
2026-04-27,^N225,59880.7109,60903.9492,59608.6289,60537.3594,60537.3594,148900000
2026-04-28,^N225,60531.7812,60634.6602,59701.8398,59917.4609,59917.4609,174500000
2026-04-30,^N225,59484.7109,59560.5703,58928.1992,59284.9219,59284.9219,201600000
2026-05-01,^N225,59379.1211,59706.6992,59263.5,59513.1211,59513.1211,150700000
2026-05-07,^N225,60241.3086,63091.1406,60213.0195,62833.8398,62833.8398,230800000
2026-05-08,^N225,62654.0117,62724.3594,62137.9492,62713.6484,62713.6484,213500000
2026-05-11,^N225,63203.4414,63385.0391,62380.6211,62417.8789,62417.8789,202300000
2026-05-12,^N225,62618.7188,63218.5117,62158.4297,62742.5703,62742.5703,189200000
2026-05-13,^N225,62398.0195,63347.9102,62318.8711,63272.1094,63272.1094,181000000
2026-05-14,^N225,63263.4609,63799.3203,62654.0508,62654.0508,62654.0508,207700000
2026-05-15,^N225,62878.7109,63235.7695,60937.3008,61409.2891,61409.2891,213900000
2026-05-18,^N225,61299.8711,61478.5508,60376.9805,60815.9492,60815.9492,168100000
2026-05-19,^N225,61202.8398,61456.3086,60256.3281,60550.5898,60550.5898,175800000
2026-05-20,^N225,60567.2695,60567.2695,59292.25,59804.4102,59804.4102,182500000
2026-05-21,^N225,60374.8398,62043.5312,60282.3516,61684.1406,61684.1406,166600000
2026-05-22,^N225,61913.3594,63432.4102,61842.5586,63339.0703,63339.0703,158800000
2026-05-25,^N225,63658.9492,65408.8711,63562.5117,65158.1914,65158.1914,161100000
2026-05-26,^N225,65247.2383,65317.6914,64605.6914,64996.0898,64996.0898,157200000
2026-05-27,^N225,65777.8672,66428.8125,64999.4102,64999.4102,64999.4102,163500000
2026-05-28,^N225,64770.7617,65165.75,63875.0391,64693.1211,64693.1211,176600000
2026-05-29,^N225,65133.9688,66505.0234,65133.9688,66329.5,66329.5,295100000
2026-06-01,^N225,66363.4297,67231.2812,66244.8438,66934.3281,66934.3281,189500000
2026-06-02,^N225,66629.6016,66748.0625,65551.1328,66734.2422,66734.2422,187700000
2026-06-03,^N225,67238.5312,68786.4922,67238.5312,68402.1328,68402.1328,170700000
2026-06-04,^N225,67860.8438,68051.9375,66920.7969,67470.6875,67470.6875,152700000
2026-06-05,^N225,67115.0,67115.0,65862.2109,66588.1172,66588.1172,148100000
2026-06-08,^N225,65947.5625,66115.1797,63406.6602,64024.6016,64024.6016,179500000
2026-06-09,^N225,64625.2617,65485.1602,63918.9609,65416.6289,65416.6289,168100000
2026-06-10,^N225,64952.3789,65098.8594,63733.0391,64179.2695,64179.2695,171300000
2026-06-11,^N225,63329.1719,64395.5,62335.75,64217.2695,64217.2695,171100000
2026-06-12,^N225,65176.2305,67065.9375,64998.1094,66020.0391,66020.0391,190600000
2026-06-15,^N225,66783.2188,69682.2266,66783.2188,69317.5,69317.5,168300000
2026-06-16,^N225,69288.9062,70020.6797,69095.6719,69404.5,69404.5,153800000
2026-06-17,^N225,69005.8828,70125.75,68985.6328,69902.25,69902.25,144300000
2026-06-18,^N225,70163.7109,71398.5781,70092.9375,71053.4922,71053.4922,156700000
2026-06-19,^N225,71551.0312,71952.9922,70517.9766,71250.0625,71250.0625,214400000
2026-06-22,^N225,71067.1484,72831.7266,71009.5234,72353.9609,72353.9609,133200000
2026-06-23,^N225,72404.3672,72618.4375,69788.3828,69788.3828,69788.3828,172300000
2026-06-24,^N225,69615.0781,70218.7109,68461.1016,69174.9688,69174.9688,153900000
2026-06-25,^N225,70114.0938,72594.2188,69982.6719,72366.3438,72366.3438,151000000
2026-06-26,^N225,71587.7109,71786.2812,68639.8438,69360.8828,69360.8828,156900000
2026-06-29,^N225,69609.8828,69609.8828,67997.5703,69468.1094,69468.1094,182400000
2026-06-30,^N225,70085.6016,70667.0,69302.1875,70062.3203,70062.3203,160500000
2026-07-01,^N225,70774.2812,71962.3438,70126.1406,70474.9609,70474.9609,163400000
2026-07-02,^N225,70039.8906,70081.3906,68676.2578,68733.1484,68733.1484,169900000
2026-07-03,^N225,68676.0625,69788.0312,67609.4922,69744.0703,69744.0703,159300000
2026-07-06,^N225,69973.3438,70384.5938,68904.4062,69737.6875,69737.6875,135400000
2026-07-07,^N225,69460.0781,69957.5078,68003.9219,68256.9609,68256.9609,175000000
2026-07-08,^N225,67704.1562,68432.6797,66819.0469,66819.0469,66819.0469,168900000
2026-07-09,^N225,67046.3672,68447.8906,67008.8906,67743.8516,67743.8516,136400000
2026-07-10,^N225,68526.7188,69374.8594,68271.9062,68557.7266,68557.7266,154400000
2026-07-13,^N225,68410.6328,69078.2109,66653.1094,67242.7266,67242.7266,137100000
2026-07-14,^N225,67002.9375,67800.1797,66268.6016,67743.5,67743.5,168500000
2026-07-15,^N225,67989.7422,68798.2422,67833.1719,68751.5078,68751.5078,147400000
2026-07-16,^N225,67900.4297,68069.8203,66499.4922,66835.5391,66835.5391,148900000
2026-07-17,^N225,66339.8516,66441.7734,62704.6016,64141.1211,64141.1211,194200000
2026-07-21,^N225,64544.0508,66232.1875,64203.4688,66232.1875,66232.1875,164400000
2026-07-22,^N225,66449.2734,67592.2031,65955.6016,66115.6016,66115.6016,155300000
2026-07-23,^N225,66421.0078,67022.3672,66208.6562,66422.6016,66422.6016,135300000
2026-07-24,^N225,65584.25,65720.8125,64201.0312,64611.1484,64611.1484,135400000
2026-07-27,^N225,65164.9805,65220.6914,64123.3984,64931.1914,64931.1914,160800000
2026-07-28,^N225,64539.9219,64573.1797,61923.6016,62364.9219,62364.9219,187000000
2026-07-29,^N225,62734.6797,63138.0391,60448.8984,61434.1914,61434.1914,264100000
2026-07-30,^N225,61258.3398,62924.8398,61049.6992,61867.4297,61867.4297,213700000
2026-07-31,^N225,61957.1016,65364.7305,61948.2305,64362.0195,64362.0195,228400000
2026-08-03,^N225,63834.9492,63905.1211,62703.4688,63754.8984,63754.8984,202700000
2026-08-04,^N225,63995.2812,64240.5,62864.4297,63957.5312,63957.5312,191800000
2026-08-05,^N225,64565.2695,66302.5234,64555.5195,66300.4375,66300.4375,202400000
2026-08-06,^N225,65896.0,65983.1328,64942.0703,65683.2578,65683.2578,191500000
2026-08-07,^N225,65746.1328,65990.7188,64651.4883,65606.7109,65606.7109,205400000
2026-08-10,^N225,65905.1016,67006.8438,65848.5781,66970.2188,66970.2188,164400000
2026-08-12,^N225,66994.0469,67569.3594,66735.7578,67524.0625,67524.0625,170600000
2026-08-13,^N225,68033.1719,68799.7109,68006.1719,68308.5938,68308.5938,169100000
2026-08-14,^N225,68811.1719,69608.2422,68471.1484,68713.7969,68713.7969,170600000
2026-08-17,^N225,68882.0625,69225.5703,68492.0391,69220.25,69220.25,142200000
2026-08-18,^N225,68847.3516,69093.2031,67368.9609,67460.7266,67460.7266,151200000
2026-08-19,^N225,66812.2734,66833.5078,65133.9805,65326.4219,65326.4219,176600000
2026-08-20,^N225,65732.7891,66325.3203,65652.25,66216.7891,66216.7891,158400000
2026-08-21,^N225,65427.6914,66125.8828,65260.2188,66016.3594,66016.3594,160000000
2026-08-24,^N225,65978.9531,66257.7266,65470.9492,65528.0898,65528.0898,128200000
2026-08-25,^N225,65195.2617,65904.2422,64609.4688,65856.4297,65856.4297,131200000
2026-08-26,^N225,65604.4922,66442.3438,65390.5508,66262.1562,66262.1562,129500000
2026-08-27,^N225,66775.7812,66954.6875,65782.5938,66131.9766,66131.9766,133500000
2026-08-28,^N225,66104.4922,66842.8203,66012.2031,66405.5625,66405.5625,147000000
2026-08-31,^N225,65668.5078,66311.9297,64832.1016,66311.9297,66311.9297,185700000
2026-09-01,^N225,65885.4688,66525.7031,65576.6094,66215.3438,66215.3438,158600000
2026-09-02,^N225,65195.4297,65195.4297,64215.4688,64325.6406,64325.6406,172500000
2026-09-03,^N225,64724.8086,64724.8086,63772.8008,64214.4805,64214.4805,154100000
2026-09-04,^N225,64498.9414,65182.4492,64228.4688,65020.9414,65020.9414,155800000
2026-09-07,^N225,65600.4219,66668.7109,65600.4219,66399.8438,66399.8438,141300000
2026-09-08,^N225,65843.6875,66791.8438,65269.3281,65269.3281,65269.3281,148400000
2026-09-09,^N225,65087.2188,65794.0312,65017.6797,65142.7812,65142.7812,164300000
2026-09-10,^N225,64768.5312,65270.9492,64186.6797,65270.9492,65270.9492,153400000
2026-09-11,^N225,64276.8203,64312.0195,63208.6289,64011.3398,64011.3398,168000000
2026-09-14,^N225,63659.5312,63691.5312,62726.1797,63492.9883,63492.9883,135800000
2026-09-15,^N225,63190.3711,64101.0,63067.1797,63484.1016,63484.1016,135000000
2026-09-16,^N225,63672.1289,63923.0,63209.9219,63923.0,63923.0,124200000
2026-09-17,^N225,64643.5781,64643.5781,63824.5586,64136.25,64136.25,133400000
2026-09-18,^N225,64681.5508,65436.5703,64403.8516,65018.9492,65018.9492,197700000
2026-09-24,^N225,65476.4414,66249.1094,65407.3711,65513.9883,65513.9883,175000000
2026-09-25,^N225,65639.6172,66410.2734,65639.6172,66364.2031,66364.2031,148900000
2026-09-28,^N225,66505.9375,67034.7422,65877.6172,65877.6172,65877.6172,161800000
2026-09-29,^N225,65557.9922,65805.0781,64699.4883,65481.2695,65481.2695,170800000
2026-09-30,^N225,66128.5938,66946.1406,66014.4766,66753.7188,66753.7188,203700000
2026-10-01,^N225,67106.5234,68995.2969,67081.6562,68956.7188,68956.7188,184600000
2026-10-02,^N225,68313.4609,68741.4922,68132.1562,68309.4609,68309.4609,179400000
2025-10-06,1306.T,338.7,339.5,335.4,338.5,332.1193,30185700
2025-10-07,1306.T,339.8,340.7,337.9,338.3,331.9231,18084200
2025-10-08,1306.T,339.6,342.3,338.7,339.4,333.0023,12133500
2025-10-09,1306.T,340.9,341.7,339.9,341.5,335.0627,10458500
2025-10-10,1306.T,340.4,340.4,334.7,335.0,328.6853,22707400
2025-10-14,1306.T,329.6,333.3,326.6,328.7,322.5041,29367600
2025-10-15,1306.T,330.9,334.2,330.4,334.2,327.9004,12168400
2025-10-16,1306.T,336.3,337.2,334.4,335.5,329.1758,8951000
2025-10-17,1306.T,333.1,335.0,331.9,332.4,326.1343,18288200
2025-10-20,1306.T,337.5,340.3,336.3,340.0,333.591,17144800
2025-10-21,1306.T,342.2,343.3,340.1,340.8,334.3759,26663500
2025-10-22,1306.T,340.2,343.3,339.6,342.1,335.6515,19802100
2025-10-23,1306.T,340.0,341.3,338.9,340.7,334.2779,11773600
2025-10-24,1306.T,342.7,343.9,341.3,342.5,336.0439,16046500
2025-10-27,1306.T,347.1,349.1,346.5,348.5,341.9308,17143500
2025-10-28,1306.T,347.7,347.7,344.2,344.9,338.3987,12575600
2025-10-29,1306.T,346.0,346.2,343.3,343.8,337.3194,16188400
2025-10-30,1306.T,344.4,346.7,343.4,345.8,339.2817,28804700
2025-10-31,1306.T,348.9,351.0,346.9,349.2,342.6176,19715700
2025-11-04,1306.T,348.4,351.5,347.0,347.3,340.7534,23800700
2025-11-05,1306.T,343.9,344.9,335.5,342.6,336.142,62824000
2025-11-06,1306.T,345.9,348.4,345.3,347.2,340.6553,15374500
2025-11-07,1306.T,344.9,346.6,342.7,345.5,338.9874,23649700
2025-11-10,1306.T,348.1,348.2,346.3,347.9,341.3421,10363400
2025-11-11,1306.T,350.0,350.6,347.0,348.1,341.5384,21464500
2025-11-12,1306.T,349.5,352.7,349.0,352.2,345.5611,25451100
2025-11-13,1306.T,353.3,355.5,353.2,354.9,348.2102,15383600
2025-11-14,1306.T,349.0,352.9,348.8,352.2,345.5611,28700800
2025-11-17,1306.T,351.1,351.6,349.3,350.7,344.0894,12643100
2025-11-18,1306.T,348.5,349.3,341.0,341.1,334.6703,23987000
2025-11-19,1306.T,342.1,343.6,338.5,340.5,334.0816,16652900
2025-11-20,1306.T,347.9,349.5,345.4,345.9,339.3798,30139400
2025-11-21,1306.T,341.5,346.9,341.0,345.7,339.1836,21307900
2025-11-25,1306.T,349.0,349.1,343.9,345.1,338.5949,21198100
2025-11-26,1306.T,347.9,352.5,347.5,352.0,345.3648,25093600
2025-11-27,1306.T,353.7,354.5,352.8,353.1,346.4441,23483000
2025-11-28,1306.T,352.7,354.6,352.5,354.2,347.5234,11753700
2025-12-01,1306.T,354.2,354.7,349.7,350.1,343.5006,58398100
2025-12-02,1306.T,350.9,352.2,349.7,350.1,343.5006,18951600
2025-12-03,1306.T,350.6,351.5,348.9,349.6,343.0101,11993000
2025-12-04,1306.T,350.1,356.7,350.0,356.6,349.8781,29571800
2025-12-05,1306.T,352.8,353.5,351.1,352.2,345.5611,16113500
2025-12-08,1306.T,353.6,355.0,351.8,355.0,348.3083,15890300
2025-12-09,1306.T,355.4,356.2,354.1,354.8,348.112,17114800
2025-12-10,1306.T,356.1,357.4,354.0,355.2,348.5045,12657800
2025-12-11,1306.T,357.4,357.8,351.6,352.5,345.8554,22307800
2025-12-12,1306.T,356.0,359.7,355.4,359.3,352.5272,24862500
2025-12-15,1306.T,357.6,360.6,357.3,360.6,353.8027,24320800
2025-12-16,1306.T,359.8,360.1,353.8,353.8,347.1309,30867700
2025-12-17,1306.T,353.0,353.9,350.7,353.7,347.0328,10878700
2025-12-18,1306.T,351.2,353.1,350.2,352.1,345.463,19745100
2025-12-19,1306.T,353.7,356.3,353.1,355.3,348.6026,22364300
2025-12-22,1306.T,359.4,359.7,356.7,357.2,350.4668,20868200
2025-12-23,1306.T,357.7,359.4,357.4,358.8,352.0367,140778300
2025-12-24,1306.T,359.0,359.7,356.8,357.3,350.5649,20740100
2025-12-25,1306.T,358.7,358.7,356.9,358.6,351.8404,4590000
2025-12-26,1306.T,359.0,360.4,357.7,358.8,352.0367,17290000
2025-12-29,1306.T,359.3,360.3,357.7,359.9,353.1159,12171200
2025-12-30,1306.T,359.2,359.4,357.8,357.9,351.1536,38590900
2026-01-05,1306.T,362.2,366.1,362.2,365.0,358.1198,26016300
2026-01-06,1306.T,368.5,371.7,368.4,371.4,364.3991,17084100
2026-01-07,1306.T,368.4,370.1,367.1,368.4,361.4557,18237600
2026-01-08,1306.T,367.6,368.4,365.5,365.5,358.6104,16445100
2026-01-09,1306.T,367.3,369.4,366.1,369.0,362.0444,7136300
2026-01-13,1306.T,378.6,378.7,376.0,377.5,370.3842,30854200
2026-01-14,1306.T,379.5,382.4,378.8,382.4,375.1918,24845900
2026-01-15,1306.T,381.5,385.9,381.4,385.4,378.1353,14103700
2026-01-16,1306.T,383.7,384.9,382.4,384.8,377.5465,11255600
2026-01-19,1306.T,382.0,384.1,380.0,384.0,376.7616,13555700
2026-01-20,1306.T,382.2,382.7,380.1,380.4,373.2295,17733600
2026-01-21,1306.T,375.1,378.0,374.5,376.9,369.7955,22312700
2026-01-22,1306.T,381.7,381.8,379.4,380.1,372.9352,14603400
2026-01-23,1306.T,381.5,383.0,380.2,381.3,374.1125,12257200
2026-01-26,1306.T,374.1,375.7,372.5,372.9,365.8708,21723600
2026-01-27,1306.T,372.8,374.7,370.2,374.0,366.9501,13353000
2026-01-28,1306.T,371.0,372.7,369.6,370.8,363.8105,22451700
2026-01-29,1306.T,371.4,373.5,368.4,371.9,364.8897,20522400
2026-01-30,1306.T,373.7,375.2,371.2,374.4,367.3426,19822400
2026-02-02,1306.T,378.7,380.9,370.9,371.3,364.301,23797400
2026-02-03,1306.T,377.8,383.3,377.3,383.1,375.8786,18187800
2026-02-04,1306.T,381.8,384.3,380.1,383.8,376.5654,12223600
2026-02-05,1306.T,385.5,387.0,382.1,383.6,376.3692,15991900
2026-02-06,1306.T,381.4,388.5,379.3,388.5,381.1768,29618000
2026-02-09,1306.T,401.7,401.9,396.5,397.3,389.8109,41648600
2026-02-10,1306.T,400.7,405.8,400.7,404.7,397.0714,21567800
2026-02-12,1306.T,405.1,408.3,403.9,407.7,400.0149,40253100
2026-02-13,1306.T,403.6,405.8,400.5,401.2,393.6374,28486200
2026-02-16,1306.T,402.5,402.5,397.3,398.1,390.5959,18820400
2026-02-17,1306.T,397.7,398.5,393.2,395.2,387.7505,14154700
2026-02-18,1306.T,397.5,400.8,397.2,399.7,392.1657,9773500
2026-02-19,1306.T,401.6,405.2,400.5,404.6,396.9733,14019500
2026-02-20,1306.T,401.4,401.5,398.4,400.1,392.5582,13829400
2026-02-24,1306.T,400.0,401.6,398.1,401.1,393.5393,23656300
2026-02-25,1306.T,403.5,405.5,399.8,404.5,396.8752,16628700
2026-02-26,1306.T,408.6,410.0,407.2,407.8,400.113,23666500
2026-02-27,1306.T,407.6,413.7,407.1,413.1,405.3131,21163100
2026-03-02,1306.T,403.8,409.4,401.5,409.4,401.6828,40552500
2026-03-03,1306.T,405.4,406.6,395.2,395.9,388.4373,33759800
2026-03-04,1306.T,385.9,391.0,377.0,381.8,374.6031,81757000
2026-03-05,1306.T,393.9,396.6,386.6,388.5,381.1768,37578400
2026-03-06,1306.T,384.2,390.8,383.4,390.3,382.9429,24475500
2026-03-09,1306.T,369.3,376.8,366.8,375.4,368.3237,59976200
2026-03-10,1306.T,382.4,387.6,380.8,384.7,377.4485,31016200
2026-03-11,1306.T,389.8,392.9,387.9,388.3,380.9806,23769500
2026-03-12,1306.T,383.4,384.9,379.4,382.9,375.6824,29928300
2026-03-13,1306.T,377.9,383.1,375.5,380.9,373.7201,32447000
2026-03-16,1306.T,380.2,382.1,376.4,379.0,371.8559,18649300
2026-03-17,1306.T,383.8,385.4,379.3,380.9,373.7201,24285700
2026-03-18,1306.T,384.0,390.7,384.0,390.7,383.3354,22680900
2026-03-19,1306.T,381.7,383.8,378.8,379.1,371.954,22021100
2026-03-23,1306.T,367.2,368.3,361.9,365.9,359.0028,32390200
2026-03-24,1306.T,375.8,376.2,370.0,374.3,367.2445,34556500
2026-03-25,1306.T,383.5,384.5,381.6,383.6,376.3692,30731800
2026-03-26,1306.T,384.3,385.7,379.1,382.6,375.388,14377100
2026-03-27,1306.T,379.9,384.8,377.7,382.7,375.4861,20778200
2026-04-01,1306.T,383.5,389.2,381.3,389.2,381.8636,19862090
2026-04-02,1306.T,392.8,394.1,381.8,383.0,375.7805,14557440
2026-04-03,1306.T,386.8,388.6,385.0,386.6,379.3126,16726160
2026-04-06,1306.T,387.2,390.5,386.3,386.8,379.5089,7404380
2026-04-07,1306.T,388.3,390.8,385.4,387.8,380.49,10961600
2026-04-08,1306.T,403.5,403.5,397.6,400.4,392.8525,17892030
2026-04-09,1306.T,400.7,401.4,396.1,396.7,389.2223,12475840
2026-04-10,1306.T,398.9,399.0,396.1,396.5,389.026,14727190
2026-04-13,1306.T,394.5,397.8,392.9,394.8,387.358,13770580
2026-04-14,1306.T,400.0,400.0,397.1,398.2,390.694,8691770
2026-04-15,1306.T,402.4,403.0,398.9,399.6,392.0676,14926010
2026-04-16,1306.T,402.3,405.4,402.2,404.4,396.7771,17643250
2026-04-17,1306.T,403.0,403.1,399.1,399.1,391.577,15100850
2026-04-20,1306.T,401.5,402.3,399.8,400.6,393.0487,8808500
2026-04-21,1306.T,401.1,401.7,399.4,399.5,391.9695,16652130
2026-04-22,1306.T,397.8,398.1,395.5,396.9,389.4185,20743070
2026-04-23,1306.T,396.7,397.6,390.3,393.6,386.1807,21774440
2026-04-24,1306.T,395.7,395.9,392.5,393.7,386.2788,9457590
2026-04-27,1306.T,394.3,397.9,391.0,395.9,388.4373,35268650
2026-04-28,1306.T,397.8,400.0,396.5,400.0,392.46,18269570
2026-04-30,1306.T,396.0,396.0,392.3,394.1,386.6713,17418510
2026-05-01,1306.T,394.2,396.5,391.2,394.6,387.1618,13476730
2026-05-07,1306.T,404.1,409.6,402.5,407.2,399.5243,25211910
2026-05-08,1306.T,405.5,406.2,402.9,405.9,398.2488,12794980
2026-05-11,1306.T,407.1,410.0,405.8,407.1,399.4262,9307430
2026-05-12,1306.T,410.4,412.7,406.8,410.3,402.5659,9041680
2026-05-13,1306.T,410.0,416.4,409.8,415.7,407.8641,17206170
2026-05-14,1306.T,416.5,416.6,411.2,411.2,403.4489,16840080
2026-05-15,1306.T,413.2,416.7,406.2,409.9,402.1734,15449260
2026-05-18,1306.T,410.0,411.1,404.5,405.9,398.2488,20930820
2026-05-19,1306.T,409.4,411.4,406.5,408.3,400.6036,8957190
2026-05-20,1306.T,408.0,408.2,399.1,402.2,394.6186,14204900
2026-05-21,1306.T,408.5,411.3,407.2,408.8,401.0941,15455940
2026-05-22,1306.T,410.8,414.1,409.3,412.4,404.6263,16415570
2026-05-25,1306.T,415.6,419.3,413.4,418.0,410.1207,18311940
2026-05-26,1306.T,418.0,419.1,415.4,417.4,409.532,12508960
2026-05-27,1306.T,419.6,421.3,415.3,415.6,407.766,14750680
2026-05-28,1306.T,413.1,415.3,409.9,413.5,405.7056,11073780
2026-05-29,1306.T,416.8,422.6,416.3,417.9,410.0226,16905480
2026-06-01,1306.T,417.8,421.2,416.6,417.5,409.6302,39102560
2026-06-02,1306.T,415.9,416.1,410.8,415.8,407.9622,27046750
2026-06-03,1306.T,420.1,426.1,418.7,423.8,415.8114,25944760
2026-06-04,1306.T,420.2,420.5,417.0,418.6,410.7094,27551630
2026-06-05,1306.T,419.0,420.6,416.9,418.6,410.7094,21573860
2026-06-08,1306.T,408.9,411.0,405.2,408.8,401.0941,21345450
2026-06-09,1306.T,413.9,414.3,409.0,413.2,405.4112,21046250
2026-06-10,1306.T,412.3,412.5,406.1,407.8,400.113,28495650
2026-06-11,1306.T,401.1,407.0,399.5,406.3,398.6413,24318340
2026-06-12,1306.T,414.3,416.3,410.2,412.2,404.4301,21172680
2026-06-15,1306.T,421.4,427.8,421.0,424.5,416.4982,29199710
2026-06-16,1306.T,423.5,425.2,422.1,423.1,415.1246,17003560
2026-06-17,1306.T,422.9,428.0,422.9,425.5,417.4794,11852430
2026-06-18,1306.T,428.9,433.6,428.0,432.3,424.1512,19945970
2026-06-19,1306.T,435.2,435.3,426.7,429.7,421.6002,18075430
2026-06-22,1306.T,428.7,435.6,428.2,434.5,426.3097,33964840
2026-06-23,1306.T,434.8,435.0,422.8,422.8,414.8303,22291940
2026-06-24,1306.T,423.2,425.1,417.7,419.9,411.9849,26681010
2026-06-25,1306.T,427.4,427.9,422.8,425.9,417.8718,24347130
2026-06-26,1306.T,422.8,425.2,417.0,420.4,412.4755,31212940
2026-06-29,1306.T,423.2,424.4,418.5,421.7,413.751,20256510
2026-06-30,1306.T,425.5,426.9,421.7,423.6,415.6152,13186710
2026-07-01,1306.T,427.5,430.0,424.3,425.8,417.7737,11629380
2026-07-02,1306.T,425.9,430.4,423.8,426.4,418.3624,20511410
2026-07-03,1306.T,427.6,431.7,424.9,431.7,423.5625,16798390
2026-07-06,1306.T,433.3,436.3,431.6,435.4,427.1927,17831580
2026-07-07,1306.T,436.2,439.4,430.7,431.8,423.6606,30094520
2026-07-08,1306.T,427.8,431.6,425.9,426.5,418.4605,15556910
2026-07-09,1306.T,419.0,420.5,417.2,419.1,411.2,27122170
2026-07-10,1306.T,422.4,423.3,420.3,422.1,422.1,19626030
2026-07-13,1306.T,422.0,424.6,415.6,417.8,417.8,13900030
2026-07-14,1306.T,418.3,422.0,415.4,421.3,421.3,12782800
2026-07-15,1306.T,424.0,425.8,420.5,425.6,425.6,15643440
2026-07-16,1306.T,421.0,423.3,419.0,419.7,419.7,11434220
2026-07-17,1306.T,415.9,416.8,401.9,407.9,407.9,31540630
2026-07-21,1306.T,411.9,418.3,409.7,418.3,418.3,20619610
2026-07-22,1306.T,421.6,424.1,419.5,420.3,420.3,33929460
2026-07-23,1306.T,420.7,423.8,420.6,422.1,422.1,11131220
2026-07-24,1306.T,417.9,418.4,416.1,417.5,417.5,11065970
2026-07-27,1306.T,420.4,424.3,418.7,424.3,424.3,14187050
2026-07-28,1306.T,418.7,419.4,411.2,412.9,412.9,36925830
2026-07-29,1306.T,414.7,416.6,409.8,414.9,414.9,18153180
2026-07-30,1306.T,410.7,415.0,408.3,412.7,412.7,11897310
2026-07-31,1306.T,417.6,422.4,414.9,417.2,417.2,41985870
2026-08-03,1306.T,412.9,413.3,404.1,411.8,411.8,23173840
2026-08-04,1306.T,411.4,413.7,409.1,412.4,412.4,22158610
2026-08-05,1306.T,417.2,422.0,417.0,421.3,421.3,14596150
2026-08-06,1306.T,420.6,423.7,419.6,423.7,423.7,17161180
2026-08-07,1306.T,424.0,425.2,421.5,425.1,425.1,14522160
2026-08-10,1306.T,426.9,428.6,424.5,427.6,427.6,10609610
2026-08-12,1306.T,429.6,431.9,427.4,431.9,431.9,9512360
2026-08-13,1306.T,434.7,436.3,432.4,435.4,435.4,10609810
2026-08-14,1306.T,437.7,439.9,436.1,437.8,437.8,14148620
2026-08-17,1306.T,438.1,438.5,434.6,435.9,435.9,7963570
2026-08-18,1306.T,435.0,436.9,430.7,431.0,431.0,14336900
2026-08-19,1306.T,425.2,425.3,417.4,417.4,417.4,23980250
2026-08-20,1306.T,420.6,423.2,420.0,422.8,422.8,14126880
2026-08-21,1306.T,420.3,424.4,420.3,424.1,424.1,9084530
2026-08-24,1306.T,424.8,425.5,423.5,424.7,424.7,4474790
2026-08-25,1306.T,424.2,426.9,423.1,426.7,426.7,11060270
2026-08-26,1306.T,426.6,429.7,426.3,428.2,428.2,12985360
2026-08-27,1306.T,430.0,430.6,428.2,429.4,429.4,9981350
2026-08-28,1306.T,430.0,434.0,428.9,432.0,432.0,9712480
2026-08-31,1306.T,427.9,433.5,426.5,433.5,433.5,15956790
2026-09-01,1306.T,430.8,437.5,430.4,435.7,435.7,12651260
2026-09-02,1306.T,429.6,430.7,424.5,424.5,424.5,31819720
2026-09-03,1306.T,428.3,430.7,426.3,427.2,427.2,22256820
2026-09-04,1306.T,428.5,429.1,424.3,427.5,427.5,11631790
2026-09-07,1306.T,429.8,431.7,428.5,430.1,430.1,10282250
2026-09-08,1306.T,426.1,429.0,422.2,422.2,422.2,8363220
2026-09-09,1306.T,420.7,424.9,420.1,421.4,421.4,8271810
2026-09-10,1306.T,419.9,422.7,418.6,422.7,422.7,9426310
2026-09-11,1306.T,412.6,420.3,412.6,419.7,419.7,14757050
2026-09-14,1306.T,418.6,423.7,417.4,423.3,423.3,19467220
2026-09-15,1306.T,423.1,423.3,419.6,421.3,421.3,13404630
2026-09-16,1306.T,422.9,424.7,422.1,423.9,423.9,11640410
2026-09-17,1306.T,426.7,428.9,425.3,427.4,427.4,12062040
2026-09-18,1306.T,429.1,429.1,424.1,426.3,426.3,15096840
2026-09-24,1306.T,427.5,428.5,424.8,424.8,424.8,15880780
2026-09-25,1306.T,427.2,430.8,426.3,430.3,430.3,15068240
2026-09-28,1306.T,431.3,432.9,428.2,428.2,428.2,16360570
2026-09-29,1306.T,428.5,431.5,423.1,425.4,425.4,13763350
2026-09-30,1306.T,427.9,433.3,426.7,431.5,431.5,13214640
2026-10-01,1306.T,430.8,435.3,428.3,434.4,434.4,16013090
2026-10-02,1306.T,430.6,433.0,429.8,430.2,430.2,18308250
2026-10-05,1306.T,434.9,436.3,433.4,436.3,436.3,10976470
2025-10-06,JPY=X,149.606,150.467,149.481,149.606,149.606,0
2025-10-07,JPY=X,150.331,151.2,150.248,150.331,150.331,0
2025-10-08,JPY=X,152.051,152.991,152.097,152.051,152.051,0
2025-10-09,JPY=X,152.68,153.212,152.192,152.68,152.68,0
2025-10-10,JPY=X,152.965,153.15,151.526,152.965,152.965,0
2025-10-13,JPY=X,152.056,152.441,151.735,152.056,152.056,0
2025-10-14,JPY=X,152.434,152.593,151.657,152.434,152.434,0
2025-10-15,JPY=X,151.731,151.822,150.914,151.731,151.731,0
2025-10-16,JPY=X,150.974,151.392,150.522,150.974,150.974,0
2025-10-17,JPY=X,150.12,150.585,149.407,150.12,150.12,0
2025-10-20,JPY=X,150.9,151.199,150.286,150.9,150.9,0
2025-10-21,JPY=X,150.774,152.16,150.492,150.774,150.774,0
2025-10-22,JPY=X,151.893,152.027,151.507,151.893,151.893,0
2025-10-23,JPY=X,151.954,152.786,151.975,151.954,151.954,0
2025-10-24,JPY=X,152.602,153.056,152.347,152.602,152.602,0
2025-10-27,JPY=X,153.061,153.243,152.577,153.061,153.061,0
2025-10-28,JPY=X,152.692,152.729,151.756,152.692,152.692,0
2025-10-29,JPY=X,151.731,152.514,151.549,151.731,151.731,0
2025-10-30,JPY=X,152.722,154.441,152.185,152.722,152.722,0
2025-10-31,JPY=X,153.9,154.376,153.656,153.9,153.9,0
2025-11-03,JPY=X,154.195,154.284,153.947,154.195,154.195,0
2025-11-04,JPY=X,154.204,154.462,153.322,154.204,154.204,0
2025-11-05,JPY=X,153.557,154.352,152.981,153.557,153.557,0
2025-11-06,JPY=X,154.073,154.132,152.977,154.073,154.073,0
2025-11-07,JPY=X,152.948,153.517,152.853,152.948,152.948,0
2025-11-10,JPY=X,153.545,154.235,153.545,153.817,153.817,0
2025-11-11,JPY=X,154.164,154.465,153.67,154.146,154.146,0
2025-11-12,JPY=X,154.053,155.019,154.053,154.075,154.075,0
2025-11-13,JPY=X,154.703,154.985,154.148,154.713,154.713,0
2025-11-14,JPY=X,154.629,154.747,153.65,154.633,154.633,0
2025-11-17,JPY=X,154.618,155.295,154.414,154.585,154.585,0
2025-11-18,JPY=X,155.25,155.495,154.835,155.273,155.273,0
2025-11-19,JPY=X,155.524,156.699,155.22,155.548,155.548,0
2025-11-20,JPY=X,156.992,157.887,156.879,156.992,156.992,0
2025-11-21,JPY=X,157.383,157.527,156.225,157.369,157.369,0
2025-11-24,JPY=X,156.662,157.17,156.499,156.688,156.688,0
2025-11-25,JPY=X,156.878,156.97,155.914,156.939,156.939,0
2025-11-26,JPY=X,156.169,156.722,155.671,156.23,156.23,0
2025-11-27,JPY=X,156.212,156.401,155.722,156.239,156.239,0
2025-11-28,JPY=X,156.287,156.574,155.978,156.284,156.284,0
2025-12-01,JPY=X,155.887,155.911,154.686,155.928,155.928,0
2025-12-02,JPY=X,155.547,156.171,155.459,155.557,155.557,0
2025-12-03,JPY=X,155.749,155.795,155.01,155.807,155.807,0
2025-12-04,JPY=X,155.097,155.53,154.519,155.107,155.107,0
2025-12-05,JPY=X,155.102,155.482,154.352,155.142,155.142,0
2025-12-08,JPY=X,155.303,155.975,154.903,155.34,155.34,0
2025-12-09,JPY=X,155.839,156.915,155.75,155.844,155.844,0
2025-12-10,JPY=X,156.798,156.918,156.323,156.838,156.838,0
2025-12-11,JPY=X,155.744,156.144,154.945,155.79,155.79,0
2025-12-12,JPY=X,155.477,156.122,155.461,155.567,155.567,0
2025-12-15,JPY=X,155.859,155.968,154.85,155.888,155.888,0
2025-12-16,JPY=X,155.024,155.111,154.47,155.015,155.015,0
2025-12-17,JPY=X,154.768,155.627,154.514,154.778,154.778,0
2025-12-18,JPY=X,155.48,155.965,155.289,155.495,155.495,0
2025-12-19,JPY=X,155.568,157.487,155.568,155.586,155.586,0
2025-12-22,JPY=X,157.609,157.649,156.865,157.676,157.676,0
2025-12-23,JPY=X,156.911,156.911,155.664,156.877,156.877,0
2025-12-24,JPY=X,156.165,156.252,155.572,156.176,156.176,0
2025-12-26,JPY=X,156.17,156.638,155.995,156.09,156.09,0
2025-12-29,JPY=X,156.275,156.5,155.928,156.463,156.463,0
2025-12-30,JPY=X,155.932,156.548,155.742,156.013,156.013,0
2025-12-31,JPY=X,156.367,156.989,156.331,156.413,156.413,0
2026-01-02,JPY=X,156.737,156.992,156.51,156.731,156.731,0
2026-01-05,JPY=X,156.966,157.292,156.315,156.989,156.989,0
2026-01-06,JPY=X,156.586,156.783,156.159,156.626,156.626,0
2026-01-07,JPY=X,156.657,156.794,156.299,156.68,156.68,0
2026-01-08,JPY=X,156.693,157.06,156.467,156.731,156.731,0
2026-01-09,JPY=X,156.896,158.161,156.885,156.88,156.88,0
2026-01-12,JPY=X,158.123,158.188,157.521,158.149,158.149,0
2026-01-13,JPY=X,157.996,159.187,157.965,157.986,157.986,0
2026-01-14,JPY=X,159.179,159.438,158.11,159.179,159.179,0
2026-01-15,JPY=X,158.436,158.875,158.223,158.402,158.402,0
2026-01-16,JPY=X,158.572,158.676,157.821,158.596,158.596,0
2026-01-19,JPY=X,157.567,158.148,157.425,157.535,157.535,0
2026-01-20,JPY=X,158.18,158.592,157.566,158.177,158.177,0
2026-01-21,JPY=X,158.156,158.297,157.75,158.162,158.162,0
2026-01-22,JPY=X,158.457,158.875,158.203,158.456,158.456,0
2026-01-23,JPY=X,158.488,159.207,157.392,158.501,158.501,0
2026-01-26,JPY=X,155.187,155.326,153.353,155.166,155.166,0
2026-01-27,JPY=X,154.349,154.869,152.891,154.336,154.336,0
2026-01-28,JPY=X,152.519,153.766,152.33,152.453,152.453,0
2026-01-29,JPY=X,153.124,153.506,152.759,153.096,153.096,0
2026-01-30,JPY=X,153.147,154.746,153.085,153.162,153.162,0
2026-02-02,JPY=X,155.135,155.685,154.569,155.202,155.202,0
2026-02-03,JPY=X,155.503,156.07,155.312,155.443,155.443,0
2026-02-04,JPY=X,155.815,156.845,155.815,155.799,155.799,0
2026-02-05,JPY=X,156.904,157.328,156.563,156.917,156.917,0
2026-02-06,JPY=X,156.771,157.131,156.539,156.784,156.784,0
2026-02-09,JPY=X,157.255,157.255,155.532,157.244,157.244,0
2026-02-10,JPY=X,156.122,156.285,154.074,156.132,156.132,0
2026-02-11,JPY=X,154.502,154.546,152.824,154.482,154.482,0
2026-02-12,JPY=X,153.239,153.738,152.278,153.269,153.269,0
2026-02-13,JPY=X,152.757,153.655,152.745,152.821,152.821,0
2026-02-16,JPY=X,152.788,153.619,152.77,152.779,152.779,0
2026-02-17,JPY=X,153.55,153.887,152.701,153.609,153.609,0
2026-02-18,JPY=X,153.116,154.479,153.063,153.149,153.149,0
2026-02-19,JPY=X,154.684,155.312,154.538,154.693,154.693,0
2026-02-20,JPY=X,155.174,155.625,154.719,155.16,155.16,0
2026-02-23,JPY=X,154.356,155.022,153.995,154.339,154.339,0
2026-02-24,JPY=X,154.637,156.242,154.619,154.635,154.635,0
2026-02-25,JPY=X,155.912,156.808,155.357,155.88,155.88,0
2026-02-26,JPY=X,156.143,156.261,155.746,156.2,156.2,0
2026-02-27,JPY=X,155.871,156.217,155.541,155.859,155.859,0
2026-03-02,JPY=X,156.608,157.744,156.148,156.633,156.633,0
2026-03-03,JPY=X,157.272,157.966,157.153,157.257,157.257,0
2026-03-04,JPY=X,157.781,157.845,156.883,157.773,157.773,0
2026-03-05,JPY=X,156.971,157.768,156.474,156.983,156.983,0
2026-03-06,JPY=X,157.522,158.074,157.412,157.534,157.534,0
2026-03-09,JPY=X,158.384,158.894,158.003,158.427,158.427,0
2026-03-10,JPY=X,157.856,157.959,157.277,157.848,157.848,0
2026-03-11,JPY=X,158.068,158.839,157.87,158.114,158.114,0
2026-03-12,JPY=X,159.093,159.284,158.573,159.075,159.075,0
2026-03-13,JPY=X,159.21,159.631,159.004,159.206,159.206,0
2026-03-16,JPY=X,159.512,159.621,158.854,159.568,159.568,0
2026-03-17,JPY=X,159.139,159.487,158.725,159.105,159.105,0
2026-03-18,JPY=X,158.89,159.566,158.567,158.889,158.889,0
2026-03-19,JPY=X,159.816,159.816,158.074,159.795,159.795,0
2026-03-20,JPY=X,157.915,159.257,157.737,157.924,157.924,0
2026-03-23,JPY=X,159.14,159.65,158.225,159.234,159.234,0
2026-03-24,JPY=X,158.49,158.937,158.409,158.479,158.479,0
2026-03-25,JPY=X,158.71,159.225,158.577,158.718,158.718,0
2026-03-26,JPY=X,159.401,159.689,159.287,159.384,159.384,0
2026-03-27,JPY=X,159.715,160.158,159.456,159.704,159.704,0
2026-03-30,JPY=X,160.231,160.231,159.321,160.234,160.234,0
2026-03-31,JPY=X,159.754,159.959,158.892,159.841,159.841,0
2026-04-01,JPY=X,158.568,158.99,158.279,158.579,158.579,0
2026-04-02,JPY=X,158.699,159.742,158.601,158.688,158.688,0
2026-04-03,JPY=X,159.456,159.695,159.427,159.491,159.491,0
2026-04-06,JPY=X,159.75,159.793,159.317,159.78,159.78,0
2026-04-07,JPY=X,159.706,160.015,159.473,159.683,159.683,0
2026-04-08,JPY=X,158.648,158.747,157.893,158.716,158.716,0
2026-04-09,JPY=X,158.634,159.28,158.634,158.642,158.642,0
2026-04-10,JPY=X,159.089,159.364,159.009,159.112,159.112,0
2026-04-13,JPY=X,159.697,159.85,159.517,159.68,159.68,0
2026-04-14,JPY=X,159.262,159.324,158.603,159.214,159.214,0
2026-04-15,JPY=X,158.763,159.153,158.652,158.792,158.792,0
2026-04-16,JPY=X,158.783,159.287,158.278,158.809,158.809,0
2026-04-17,JPY=X,159.224,159.515,157.612,159.195,159.195,0
2026-04-20,JPY=X,159.153,159.177,158.551,159.161,159.161,0
2026-04-21,JPY=X,158.854,159.431,158.803,158.844,158.844,0
2026-04-22,JPY=X,159.338,159.504,159.104,159.373,159.373,0
2026-04-23,JPY=X,159.494,159.776,159.298,159.488,159.488,0
2026-04-24,JPY=X,159.742,159.837,159.336,159.747,159.747,0
2026-04-27,JPY=X,159.575,159.575,159.09,159.576,159.576,0
2026-04-28,JPY=X,159.359,159.784,158.97,159.357,159.357,0
2026-04-29,JPY=X,159.545,160.288,159.521,159.552,159.552,0
2026-04-30,JPY=X,160.193,160.702,155.551,160.184,160.184,0
2026-05-01,JPY=X,156.994,157.309,155.516,156.978,156.978,0
2026-05-04,JPY=X,156.9,157.277,155.815,156.846,156.846,0
2026-05-05,JPY=X,157.205,157.835,157.121,157.194,157.194,0
2026-05-06,JPY=X,157.665,157.889,155.047,157.677,157.677,0
2026-05-07,JPY=X,156.511,156.511,156.036,156.508,156.508,0
2026-05-08,JPY=X,156.838,156.973,156.446,156.829,156.829,0
2026-05-11,JPY=X,156.889,157.169,156.855,156.858,156.858,0
2026-05-12,JPY=X,157.27,157.746,156.809,157.231,157.231,0
2026-05-13,JPY=X,157.675,157.891,157.579,157.671,157.671,0
2026-05-14,JPY=X,157.847,158.183,157.609,157.851,157.851,0
2026-05-15,JPY=X,158.393,158.738,158.305,158.382,158.382,0
2026-05-18,JPY=X,158.869,159.059,158.64,158.844,158.844,0
2026-05-19,JPY=X,158.875,159.242,158.778,158.861,158.861,0
2026-05-20,JPY=X,159.053,159.166,158.594,159.035,159.035,0
2026-05-21,JPY=X,158.888,159.318,158.818,158.888,158.888,0
2026-05-22,JPY=X,159.048,159.225,159.0,159.018,159.018,0
2026-05-25,JPY=X,158.942,159.037,158.759,158.946,158.946,0
2026-05-26,JPY=X,158.948,159.372,158.907,158.954,158.954,0
2026-05-27,JPY=X,159.224,159.518,159.174,159.243,159.243,0
2026-05-28,JPY=X,159.574,159.643,159.166,159.568,159.568,0
2026-05-29,JPY=X,159.261,159.376,159.099,159.27,159.27,0
2026-06-01,JPY=X,159.383,159.749,159.368,159.353,159.353,0
2026-06-02,JPY=X,159.64,159.895,159.636,159.636,159.636,0
2026-06-03,JPY=X,159.975,159.994,159.512,159.968,159.968,0
2026-06-04,JPY=X,159.946,160.021,159.75,159.94,159.94,0
2026-06-05,JPY=X,159.99,160.29,159.824,159.99,159.99,0
2026-06-08,JPY=X,160.328,160.388,159.906,160.327,160.327,0
2026-06-09,JPY=X,160.182,160.299,160.055,160.174,160.174,0
2026-06-10,JPY=X,160.382,160.521,160.251,160.384,160.384,0
2026-06-11,JPY=X,160.508,160.586,160.427,160.527,160.527,0
2026-06-12,JPY=X,160.168,160.369,159.973,160.13,160.13,0
2026-06-15,JPY=X,159.916,160.222,159.887,159.955,159.955,0
2026-06-16,JPY=X,160.24,160.458,160.058,160.229,160.229,0
2026-06-17,JPY=X,160.414,160.422,160.118,160.419,160.419,0
2026-06-18,JPY=X,160.55,161.366,160.539,160.6,160.6,0
2026-06-19,JPY=X,161.248,161.449,161.006,161.289,161.289,0
2026-06-22,JPY=X,161.433,161.914,161.103,161.433,161.433,0
2026-06-23,JPY=X,161.547,161.733,161.31,161.57,161.57,0
2026-06-24,JPY=X,161.558,161.802,161.531,161.599,161.599,0
2026-06-25,JPY=X,161.733,161.935,161.587,161.763,161.763,0
2026-06-26,JPY=X,161.79,161.843,161.535,161.805,161.805,0
2026-06-29,JPY=X,161.763,161.955,161.719,161.787,161.787,0
2026-06-30,JPY=X,161.92,162.651,161.92,161.923,161.923,0
2026-07-01,JPY=X,162.66,162.836,162.294,162.628,162.628,0
2026-07-02,JPY=X,162.542,162.584,160.688,162.539,162.539,0
2026-07-03,JPY=X,161.404,161.494,160.62,161.449,161.449,0
2026-07-06,JPY=X,161.487,162.424,161.465,161.452,161.452,0
2026-07-07,JPY=X,162.095,162.173,161.688,162.088,162.088,0
2026-07-08,JPY=X,162.362,162.698,162.08,162.363,162.363,0
2026-07-09,JPY=X,162.51,162.565,162.247,162.539,162.539,0
2026-07-10,JPY=X,162.335,162.419,161.292,162.363,162.363,0
2026-07-13,JPY=X,161.886,162.393,161.886,161.878,161.878,0
2026-07-14,JPY=X,162.413,162.466,161.695,162.429,162.429,0
2026-07-15,JPY=X,162.187,162.415,161.967,162.187,162.187,0
2026-07-16,JPY=X,162.084,162.469,161.98,162.072,162.072,0
2026-07-17,JPY=X,162.381,162.467,162.147,162.376,162.376,0
2026-07-20,JPY=X,162.525,162.583,162.271,162.512,162.512,0
2026-07-21,JPY=X,162.48,163.031,162.44,162.487,162.487,0
2026-07-22,JPY=X,163.168,163.198,162.85,163.186,163.186,0
2026-07-23,JPY=X,163.068,163.979,162.994,163.081,163.081,0
2026-07-24,JPY=X,163.876,163.931,163.645,163.832,163.832,0
2026-07-27,JPY=X,163.588,163.761,163.326,163.611,163.611,0
2026-07-28,JPY=X,163.792,163.942,163.644,163.771,163.771,0
2026-07-29,JPY=X,163.858,163.883,163.293,163.864,163.864,0
2026-07-30,JPY=X,163.253,163.733,157.994,163.3,163.3,0
2026-07-31,JPY=X,160.179,160.836,158.668,160.183,160.183,0
2026-08-03,JPY=X,157.698,157.869,155.256,157.582,157.582,0
2026-08-04,JPY=X,157.539,157.952,157.231,157.529,157.529,0
2026-08-05,JPY=X,157.735,157.863,157.302,157.692,157.692,0
2026-08-06,JPY=X,157.664,158.48,157.599,157.6,157.6,0
2026-08-07,JPY=X,158.448,158.561,156.831,158.409,158.409,0
2026-08-10,JPY=X,157.9,159.046,157.849,157.891,157.891,0
2026-08-11,JPY=X,159.154,159.383,159.004,159.156,159.156,0
2026-08-12,JPY=X,159.282,159.456,158.719,159.265,159.265,0
2026-08-13,JPY=X,159.318,159.476,159.027,159.328,159.328,0
2026-08-14,JPY=X,159.427,159.495,158.637,159.426,159.426,0
2026-08-17,JPY=X,159.225,159.402,158.856,159.223,159.223,0
2026-08-18,JPY=X,159.329,159.777,159.32,159.34,159.34,0
2026-08-19,JPY=X,159.529,159.529,158.052,159.55,159.55,0
2026-08-20,JPY=X,158.255,158.958,158.176,158.276,158.276,0
2026-08-21,JPY=X,158.906,159.125,158.381,158.883,158.883,0
2026-08-24,JPY=X,158.865,159.279,158.715,158.904,158.904,0
2026-08-25,JPY=X,159.135,159.485,159.102,159.139,159.139,0
2026-08-26,JPY=X,159.225,159.438,158.88,159.223,159.223,0
2026-08-27,JPY=X,159.251,159.51,159.116,159.255,159.255,0
2026-08-28,JPY=X,159.307,160.052,159.297,159.321,159.321,0
2026-08-31,JPY=X,160.099,160.099,159.477,160.122,160.122,0
2026-09-01,JPY=X,159.772,160.202,159.639,159.747,159.747,0
2026-09-02,JPY=X,160.203,160.383,158.36,160.196,160.196,0
2026-09-03,JPY=X,158.9,158.942,155.345,158.923,158.923,0
2026-09-04,JPY=X,155.639,156.717,155.323,155.66,155.66,0
2026-09-07,JPY=X,156.209,156.246,154.064,156.197,156.197,0
2026-09-08,JPY=X,153.847,154.387,152.897,153.855,153.855,0
2026-09-09,JPY=X,153.424,153.814,152.985,153.478,153.478,0
2026-09-10,JPY=X,153.559,154.622,153.309,153.573,153.573,0
2026-09-11,JPY=X,154.46,154.58,153.306,154.482,154.482,0
2026-09-14,JPY=X,153.438,154.99,153.378,153.424,153.424,0
2026-09-15,JPY=X,154.422,155.223,154.414,154.385,154.385,0
2026-09-16,JPY=X,155.287,155.47,154.901,155.266,155.266,0
2026-09-17,JPY=X,156.029,156.273,155.34,156.014,156.014,0
2026-09-18,JPY=X,156.159,157.998,156.12,156.129,156.129,0
2026-09-21,JPY=X,157.009,157.523,156.592,157.046,157.046,0
2026-09-22,JPY=X,157.361,157.772,156.827,157.369,157.369,0
2026-09-23,JPY=X,157.474,158.393,157.44,157.464,157.464,0
2026-09-24,JPY=X,158.27,158.996,157.796,158.265,158.265,0
2026-09-25,JPY=X,158.842,158.842,157.01,158.811,158.811,0
2026-09-28,JPY=X,157.445,157.85,156.531,157.463,157.463,0
2026-09-29,JPY=X,157.349,157.688,157.005,157.361,157.361,0
2026-09-30,JPY=X,157.417,157.417,156.395,157.404,157.404,0
2026-10-01,JPY=X,157.587,158.441,157.33,157.558,157.558,0
2026-10-02,JPY=X,157.929,158.211,156.985,157.927,157.927,0
